Attraction,Gu,Tag
롯데호텔 월드,서울 송파구,#롯데월드호텔#롯데호텔월드#서울숙소#수도권#숙박#잠실호텔#호캉스즐기기#호텔
호텔 카푸치노,서울 강남구 봉은사로 155 호텔 카푸치노,#반려견동반여행지#서울숙소#서울호텔#숙박#숙박쿠폰#애견동반숙소#연인과함께#친구와함께#친환경호텔#카푸치노호텔#호캉스#호캉스즐기기#호텔카푸치노
그랜드 인터컨티넨탈 서울 파르나스,서울 강남구 테헤란로 521 그랜드 인터컨티넨탈 서울 파르나스,#강남구#서울숙소#서울호텔#숙박#숙박쿠폰#코엑스#호캉스#호캉스즐기기#호텔
서울신라호텔,서울 중구 동호로 249,#서울숙소#숙박#중구#호캉스즐기기
응정헌,서울 은평구 연서로50길 19,#독채한옥#서울숙소#서울여행#서울한옥#조식가능#품질인증업소_전체보기#한국관광품질인증#한국관광품질인증_한옥#한옥
서촌게스트하우스,서울 종로구 자하문로7길 28-3 통인동,#마운틴뷰#서울숙소#서울여행#서울한옥#숙박#조식가능#품질인증업소_전체보기#한국관광품질인증#한국관광품질인증_한옥#한옥
더퍼스트스테이 호텔,서울 강서구,#서울숙소#서울여행#서울호텔#시티뷰#취사가능#품질인증업소_전체보기#한국관광품질인증#한국관광품질인증_호텔#호텔
메이필드호텔,서울 강서구,#가볼래터#메이필드호텔#서울숙소#서울호텔#숙박#숙박시설#숙박업소#여행구독#호텔#휴식공간#휴식여행#휴식여행#휴식하기좋은곳
써미트 호텔 서울,서울 중구,#서울숙소#서울여행#서울호텔#숙박#연인과함께#중구#휴식공간#휴식하기좋은곳#힐링여행
포포인츠 바이 쉐라톤 조선 서울역,서울 용산구,#서울숙소#서울호텔#숙박#연인과함께#용산구#친구와함께#포포인츠바이쉐라톤#호캉스#호캉스즐기기#호텔
그랜드 워커힐 서울,서울 광진구,#광진구#그랜드워커힐#서울숙소#서울호텔#숙박#휴식여행#힐링&여행
비스타 워커힐 서울,서울 광진구,#광진구#반려견동반여행지#비스타워커힐서울#서울숙소#숙박#애견동반숙소
롯데시티호텔 명동,서울 중구,#롯데시티호텔#롯데시티호텔명동#명동호텔#서울숙소#숙박#중구#호텔
강남아르누보씨티호텔,서울 서초구,#강남아르누보씨티호텔#서울추천숙소#숙박#숙소#의류세탁가능#추천숙박
오클라우드호텔,서울 서초구,#서울숙소#서울여행#서울호텔#숙박#시티뷰#조식가능#취사가능#품질인증업소_전체보기#한국관광품질인증#한국관광품질인증_호텔#호텔
라마다 호텔앤스위트 서울남대문,서울 중구,#서울숙소#서울여행#서울호텔#시티뷰#애견동반숙소#조식가능#취사가능#품질인증업소_전체보기#한국관광품질인증#한국관광품질인증_호텔#호텔
더리버사이드 호텔,서울 서초구,#강남호텔#더리버사이드호텔#서울숙소#서울호텔#서초구#숙박#호캉스#호텔
레스케이프 호텔 (L’Escape Hotel),서울 중구,#반려견동반여행지#서울숙소#숙박#애견동반숙소#중구#호캉스즐기기
코트야드 메리어트 서울 남대문,서울 중구,#가족과함께#남대문호텔#서울숙소#서울호텔#수도권#숙박#친구와함께#코트야드메리어트서울#코트야드메리어트서울남대문#호캉스
프레이저 플레이스 센트럴 서울,서울 중구,#반려견동반여행지#서울숙소#숙박#애견동반숙소
서울한옥스테이(jnpstay),서울 종로구,#독채한옥#서울숙소#서울여행#서울한옥#취사가능#품질인증업소_전체보기#한국관광품질인증#한국관광품질인증_한옥#한옥
반얀트리 클럽 앤 스파 서울,서울 중구,#반얀트리클럽앤스파서울#서울숙소#수도권#숙박#호텔
서울올림픽파크텔,서울 송파구,#국민체육진흥공단#서울숙소#서울올림픽파크텔#송파구#숙박#올림픽파크텔
한옥 게스트하우스 동촌재,서울 종로구,#게스트하우스#서울게스트하우스#서울숙소#서울여행#서울한옥#조식가능#품질인증업소_전체보기#한국관광품질인증#한국관광품질인증_게스트하우스#한옥
소소하우스,서울 종로구,#독채한옥#서울숙소#서울여행#서울한옥#조식가능#취사가능#품질인증업소_전체보기#한국관광품질인증#한국관광품질인증_한옥#한옥
JW 메리어트 호텔 서울,서울 서초구,#서울숙소#숙박
더 플라자 호텔 서울,서울 중구,#서울숙소#서울호텔#수도권#숙박#숙박시설#숙박업소#플라자호텔#휴식공간#휴식여행#휴식하기좋은곳
캘리포니아 관광호텔,서울 송파구,#서울숙소#송파구#숙박
더케이호텔서울,서울 서초구,#서울숙소#서울호텔#숙박#호텔
그랜드 하얏트 서울,서울 용산구,#관광호텔#서울숙소#숙박#용산구
웨스틴 조선 서울,서울 중구,#가족과함께#서울숙소#서울호텔#숙박#연인과함께#웨스틴조선호텔#친구와함께#호캉스
베스트웨스턴 프리미어 서울가든호텔,서울 마포구,#마포구#서울숙소#숙박#호캉스즐기기
롯데호텔서울,서울 중구,#서울숙소#숙박#중구#호캉스즐기기
노보텔 앰배서더 강남,서울 강남구,#5성급호텔#강남구#강남숙박#강남숙소#강남호텔#노보텔엠베서더강남#서울숙소#숙박
콘래드 서울,서울 영등포구,#관광호텔#서울숙소#숙박#영등포구#호캉스즐기기
이비스 앰배서더 명동,서울 중구,#명동호텔#비즈니스호텔#서울숙소#수도권#숙박#이비스앰배서더#호텔
JW 메리어트 동대문 스퀘어 서울,서울 종로구,#서울숙소#숙박#종로구
스탠포드호텔 서울,서울 마포구,#서울숙소#숙박#호텔
리치다이아몬드호텔,서울 강북구,#강북구#리치다이아몬드호텔#북한산숙소#북한산일출#북한산호텔#서울숙소#수유역숙소#숙박
호텔PJ,서울 중구,#가족과함께#서울숙소#서울여행#서울호텔#숙박#연인과함께#중구#친구와함께#호캉스#호텔
동서울 관광호텔,서울 광진구,#관광호텔#광진구#서울숙소#숙박
프레지던트 호텔,서울 중구,#서울숙소#숙박#중구#프레지던트호텔#호캉스#호캉스즐기기
롯데호텔 L7 강남,서울 강남구,#L7강남#강남구#강남호텔#롯데호텔#롯데호텔L7#롯데호텔L7강남#서울숙소#숙박
호텔 더 디자이너스 청량리 Hotel the designers,서울 동대문구,#서울#서울숙소#숙박
나이아가라호텔,서울 강서구,#강서구#나이아가라호텔#서울숙소#숙박#염창동호텔#친구와함께#한강뷰#한강뷰호텔#호캉스
메리어트 이그제큐티브 아파트먼트 서울 여의도,서울 영등포구,#서울숙소#숙박
호텔 삼정,서울 강남구,#강남구#서울숙소#숙박
롯데시티호텔 구로,서울 구로구,#구로구#롯데시티호텔#롯데시티호텔구로#비즈니스호텔#서울숙소#서울호텔#숙박#호캉스
오크우드 프리미어 코엑스,서울 강남구,#가족과함께#강남무역센터#강남호텔#서울숙소#서울호텔#숙박#연인과함께#오크프리미어코엑스#친구와함께#코엑스#코엑스호텔#호캉스
드어반관광호텔,서울 강서구,#강서구#서울숙소#숙박
이비스 스타일 앰배서더 서울 강남,서울 강남구,#강남구#서울숙소#숙박#이비스앰배서더
아리랑힐 호텔 동대문,서울 성북구,#관광호텔#동대문호텔#베스트웨스턴아리랑힐동대문#서울숙소#서울호텔#성북구#숙박#호텔
호텔 리베라,서울 강남구,#강남구#서울숙소#숙박#숙박시설#휴식공간
엘르인호텔,서울 용산구,#남녀노소#서울숙소#숙박#용산구#용산구숙소#편의시설#휴식공간#휴식여행#휴식하기#휴식하기좋은곳#힐링여행
파크 하얏트 서울,서울 강남구,#서울숙소#숙박
롯데시티호텔 마포,서울 마포구,#롯데시티호텔#롯데시티호텔마포#마포구#마포구호텔#서울숙소#서울호텔#숙박#호캉스#호텔#호텔수영장
서울 선샤인호텔,서울 강남구,#강남구#서울숙소#숙박
롯데호텔 L7 명동,서울 중구,#L7명동#롯데호텔L7명동#명동#명동호텔#비즈니스호텔#서울숙소#숙박#친구와함께#호캉스
아모렉스관광호텔,서울 성동구,#가족과함께#남녀노소#서울숙박#서울숙소#성동구#숙박#편의시설#휴식공간#휴식여행#휴식하기좋은곳#힐링여행
코트야드 바이 메리어트 서울타임스퀘어,서울 영등포구,#관광호텔#서울숙소#숙박#영등포구#코트야드바이메리어트
호텔 더 디자이너스 종로점,서울 종로구,#서울숙소#숙박#종로구
딜라이트 호텔 (HOTEL DELIGHT),서울 송파구,#서울숙소#송파구#숙박
가락관광호텔,서울 송파구,#관광호텔#서울숙소#송파구#송파구숙소#숙박
레인보우호텔,서울 용산구,#서울숙소#숙박#용산구
포포인츠 바이 쉐라톤 서울 구로,서울 구로구,#구로구#구로디지털단지#비즈니스호텔#서울숙소#숙박#포포인츠 바이 쉐라톤 서울 구로
뉴서울호텔,서울 중구,#서울숙소#숙박
호텔마누(HOTEL MANU),서울 중구,#서울숙소#숙박#중구
프로비스타 호텔,서울 서초구,#서울숙소#숙박#호텔
베니키아 프리미어 호텔 베르누이,서울 구로구,#구로구#구로구호텔#남녀노소#베니키아#베르누이#서울숙소#숙박#휴식공간#휴식여행#휴식하기#휴식하기좋은곳
나인트리호텔 명동,서울 중구,#관광호텔#서울숙소#숙박#중구
제리스플래닛,서울 강남구,#강남구#강남숙박#강남숙소#관광호텔#서울숙소#숙박#연인과함께#휴식공간#휴식여행#휴식하기#휴식하기좋은곳
메트로호텔,서울 중구,#서울숙소#숙박#중구
부티크호텔K 동대문점,서울 동대문구,#동대문구#서울숙소#숙박
임피리얼 팰리스 부티크 호텔,서울 용산구,#서울숙소#서울여행#숙박#연인과함께#용산구#친구와함께#휴식공간#휴식여행#휴식하기좋은곳#힐링여행
라마다 바이윈덤 서울 동대문,서울 중구,#서울숙소#숙박#중구
베니키아 노블 호텔,서울 종로구,#서울#서울숙소#숙박
호텔 볼(VOLL),서울 강서구,#서울숙소#숙박
트리아 관광호텔,서울 강남구,#강남구#관광호텔#서울숙소#숙박
신촌 시스터즈,서울 마포구,#게스트하우스#서울게스트하우스#서울숙소#서울여행#품질인증업소_전체보기#한국관광품질인증#한국관광품질인증_게스트하우스
에프호텔,서울 영등포구,#서울숙소#숙박#영등포구
파로스관광호텔,서울 송파구,#관광호텔#서울숙소#송파구#숙박
