Unnamed: 0,Attraction,Gu,Tag
962,소소한 풍경,서울 종로구,#맛집#부암동맛집#부암동소소한풍경#부암동전망좋은식당#부암동한정식#소소한풍경#음식#전망_좋은#퓨전한정식
1223,영등포 신길동 홍어거리,서울 영등포구 신길로 200-20 1층 홍어명가,#관광지#남녀노소#맛집거리#서울맛집#숨은맛집#영등포가볼만한곳#음식거리#이색거리#이색음식#전국맛집#체험#홍어삼합#홍어회
1238,무수아취,서울 도봉구 도봉로169길 249,#가볼래터#가족과함께#글램핑#도봉구#도봉구맛집#도봉맛집#바베큐#바베큐전문점#바비큐#서울가볼만한곳#서울글램핑#셀프바베큐#여행구독#음식#친구와함께#캠핑감성#캠핑식당
1613,서울 신림동 민속순대타운,서울 관악구 신림로59길 14 원빌딩 3층 301호,#골목식당#관광지#남녀노소#맛집#맛집골목#먹자골목#서울맛집#수도권#순대볶음#신림동맛집#신림동민속순대타운#신림동백순대#신림동순대타운#연인과함께#음식#이색거리#이색음식#친구와함께
1711,마복림할머니집,서울 중구 다산로35길 5,#떡볶이#마복림#마복림떡볶이#맛집#서울맛집추천#신당동떡볶이#신당동맛집#음식#즉석떡볶이
1759,뮤직컴플렉스 서울,서울 종로구 인사동길 49 안녕인사동 5층 뮤직컴플렉스서울,#LP카페#가볼래터#뮤직카페#뮤직컴플렉스서울#여행구독#음식#음악카페#이색체험#이색카페#인사동가볼만한곳
1786,또순이네집,서울 영등포구 선유로47길 16 오오1004빌딩,#또순이네#또순이네된장찌개#양평동또순이네#영등포또순이네#음식#주물럭맛집
1813,우묵배미,서울 관악구 남부순환로 1540 1층,#갈비탕#고기맛집#관악구#꽁치김치찜#돼지낙지전골#돼지두부찌개#돼지두부찌개#돼지볶음#돼지볶음#맛집#서울맛집#서울우묵배미#서울한식당#신림역맛집#육개장#음식
1931,토속촌삼계탕,서울 종로구 자하문로5길 5 토속촌,#맛집#삼계탕#음식#종로맛집#토속촌_오골계_삼계탕#토속촌삼계탕#해물파전
1993,석파랑,서울 종로구 자하문로 309,#건강식맛집#건강여행#궁중수라#남녀노소#만세#맛집#부모님과함께#석파#수복#음식#전통음식#정성가득#종로구#진연#진찬#한정식#힐링여행
2029,[백년가게]선천집,서울 종로구 인사동14길 5,#맛집#백년가게#불고기#서울시#음식#이북음식#종로구#평안도#한식#한정식
2074,청수정,서울 종로구 삼청로 91,#맛집#불고기덮밥#뽈떼기찜#뽈떼기탕#삼청동맛집#삼청동밥집#음식#제육볶음#종로맛집#홍합밥#홍합밥정식#홍합비빔밥
2184,[백년가게]만석장,서울 은평구 대서문길 43-10,#두부요리#두부요리전문점#두부한정식#두부한정식#만석장#맛집#백년가게#삼겹살가마구이#삼겹쌈밥#서울시#은평구#음식#정성가득
2298,[백년가게]선동보리밥,서울 성북구 성북로 134-4 선동보리밥,#감자전#백년가게#보리밥#서울맛집#영양돌솥밥#음식
2454,대림창고,서울 성동구 성수이로 78,#남녀노소#빈티지#사진찍기좋은곳#성동구#연인과함께#음식#정미소#카페#휴식공간#휴식하기좋은곳
2522,컨퍼런스하우스달개비 정동점,서울 중구 세종대로19길 16,#단체모임추천#달개비#달개비한정식#맛집#서울시#서울시청맛집#서울중구맛집#서울한정식#음식#중구#한정식
2540,겟댓샷(Get That Shot),서울 영등포구 경인로 846 롯데백화점영등포점 1층,#가볼래터#서울#서울가볼만한곳#서울카페#여행구독#영등포#음식#이색카페#카페#힐링
2622,더 스팟 패뷸러스,서울 중구 명동2길 22 1.2층,#뉴트로카페#명동카페#서울_여행지_추천#서울가볼만한곳#서울권#음식
2666,진고개,서울 중구 충무로 19-1,#갈비찜#맛집#문냉면#보쌈김치#불고기#서울중구#육개장#음식
2776,우래옥,서울 중구 창경궁로 62-29,#가족과함께#맛집#미쉐린가이드#불고기#을지로#을지로맛집#음식#평양냉면#평양냉면#힙지로
2864,인왕산 더숲 초소책방,서울 종로구 인왕산로 172,#북카페#서울_여행지_추천#서울가볼만한곳#서울권#음식#인왕산
3054,[백년가게]삼거리 먼지막 순대국,서울 영등포구 시흥대로185길 11,#맛집#백년가게#서울미래유산#서울시#순대국#순대국#순대안주가성비_갑담백한_맛#술국#영등포구#음식#해장국
3112,세종한우정육점식당  2호점,서울 강남구 학동로 219 국제빌딩 지층,#강남한우맛집#논현동한우#세종한우#세종한우정육점식당#옛날불고기#음식#한우소고기보신탕#한우정육식당
3339,삼청동수제비,서울 종로구 삼청로 101-1,#감자전#감자전#맛집#삼청동맛집#삼청동수제비#서울맛집#수도권#수제비#수제비#수제비맛집#연중무휴#음식#종로맛집#쭈꾸미볶음#찹쌀_새알_옹심이#파전#파전
3425,런던베이글뮤지엄,서울 종로구 북촌로4길 20,#2023_설날_디저트맛집#MZ세대#런던베이글뮤지엄#베이글#베이글맛집#비주얼맛집#안국역맛집#음식
3517,삼원가든,서울 강남구 언주로 835,#강남맛집#강남삼원가든#강남한식당#고기맛집#맛집#분위기_좋은#불고기#생갈비#양념갈비#육회#음식
3565,진주회관,서울 중구 세종대로11길 26,#김치찌개#냉콩국수#맛집#삼겹살#서울맛집#섞어찌개#수도권#연중무휴#음식#진주회관#콩국수
3692,샤오바오우육면 종로본점,서울 종로구 삼일대로17길 15,#샤오바오본점#수타우육면#음식#종각샤오바오#종각우육면맛집
4073,필동면옥,서울 중구 서애로 26,#냉면#냉면#맛집#비빔냉면#서울중구맛집#서울특별시#음식#접시만두#제육담백한_맛#중구#충무로맛집#평양냉면#평양냉면맛집
4153,도넛정수 창신,서울 종로구,#도넛#선물추천#음식#한과#한국식디저트#흑임자
4182,티테라피,서울 종로구,#가볼래터#건강한여행#남녀노소#여행구독#연인과함께#음식#종로구#한방차#휴식공간#휴식여행#휴식하기좋은곳#힐링여행
4225,진옥화할매원조닭한마리,서울 종로구,#닭한마리#닭한마리골목#닭한마리맛집#닭한마리칼국수#맛집#서울맛집#음식#종로맛집
4275,강서구 고성막국수,서울 강서구,#동치미막국수#맛집#음식#편육
4349,원조홍어 본점,서울 영등포구,#맛집#신길동홍어거리#영등포홍어거리#음식#한식#홍어맛집#홍어무침#홍어삼합#홍어회
4393,해방촌 혼고,서울 용산구,#서울혼밥맛집#음식#혼밥#화로구이
4449,카페 할아버지공장,서울 성동구,#감성카페#문화공간#복합문화공간#서울카페#예쁜카페#음식#카페
4483,울프강스테이크하우스,서울 강남구,#가족식사_추천#맛집#울프강_샐러드#음식#클래식_버거#포터하우스_스테이크
4518,남도분식 익선점,서울 종로구,#남도분식#맛집#맛집여행#분식맛집#서울맛집#음식#종로맛집
4544,태극당,서울 중구,#데이트#베이커리#복고풍#신선한#옛날맛#옛날빵#옛날빵집#옛스러운분위기#음식#체인점
4586,낙원떡집,서울 종로구,#떡집#서울_여행지_추천#서울가볼만한곳#서울권#서울미래유산#음식
4610,두가헌 레스토랑,서울 종로구,#두가헌#레스토랑#맛집#문화공간#삼청동맛집#서울맛집#수도권#스테이크#스테이크#연인과함께#와인#와인#음식#이색적인_맛#종로맛집#코스요리
4640,RSG 성수,서울 성동구,#RSG#RSG성수#라이더성지#라이더카페#라이딩편집숍#서울라이더성지#음식
4751,스미스가 좋아하는 한옥,서울 종로구,#마르게리따_피자#맛집#버섯_크림_리조또#서울맛집#수도권#스미스가좋아하는한옥#안심_스테이크#알리오_올리오#양식#음식
4781,뉘조,서울 종로구,#뉘조#맛집#서울맛집#수도권#연중무휴#음식#인사동맛집#종로맛집#한식
4801,하나로회관,서울 종로구,#곱창전골정식#맛집#백년가게#버섯전골정식가성비_갑#서울시#음식#정성가득#종로구#하나로특정식#하나로한정식#한정식
4879,명동칼국수 본점,서울 중구,#떡만두국#맛집#백년가게#보쌈정식#사골국물#서울맛집#왕만두#음식#정성가득#칼국수#칼국수맛집
4913,소문난성수감자탕 별관,서울 성동구,#TV방영맛집#TV방영맛집#뚝섬맛집#서울감자탕맛집#성수동맛집#성수동맛집#소문난성수감자탕#음식
4969,진미옥설농탕,서울 송파구,#국밥#남녀노소#도가니탕#맛집#백년가게#설렁탕#소머리탕#송파맛집#음식#진미옥#진미옥설렁탕#한식#한식맛집
4993,꽃새우 영번지,서울 강남구,#맛집#음식
5272,해주냉면 본점,서울 송파구,#냉면#냉면#맛집#매운냉면#비빔냉면#서울맛집#신천해주냉면#음식#음식점#잠실냉면#잠실맛집#한식#해주냉면
5294,충무로부산복집,서울 송파구,#맛집#복매운탕#복불고기_복어요리담백한_맛#복샤브#복지리#부산복집#서울맛집#수도권#음식#한식
5306,평창동북악정 신관,서울 종로구,#맛집#북악정#북악정궁중갈비#북악정이동갈비#생갈비#서울맛집#수도권#연중무휴#음식#이상갈비#주물럭등심#한식#한우꽃등심#한우살치살
5338,계림식당,서울 종로구,#맛집#음식
5363,자하손만두,서울 종로구,#담백한_맛#떡만둣국#만두국#만두전골#만두전골#만둣국#맛집#물만두#미쉐린가이드#서울특별시#음식#자하손만두#정성가득#종로구#찐만두#편수
5406,키누카누,서울 강서구,#발산역맛집#발산역스시#음식#초밥뷔페#키누카누#키누카누발산역
5488,황생가칼국수,서울 종로구,#국립민속박물관맛집#만두#맛집#버섯전골#북촌맛집#북촌칼국수#사골칼국수#왕만두#왕만두국#음식#종로맛집#칼국수#칼국수맛집
5555,부민옥,서울 중구,#노포맛집#무교동맛집#무교동육개장#미식클럽양무침#미식클럽육개장#부민옥#수요미식회양무침#수요미식회육개장#양무침맛집#육개장맛집#을지로노포맛집#음식
5592,김가네가마솥설렁탕,서울 강서구,#갈비맛집#강서구#김가네도가니탕#김가네설렁탕#돼지갈비#맛집#방화동김가네설렁탕#방화동맛집#분위기_좋은#삼겹살#서울맛집#서울시#설렁탕#음식#한우꽃등심#한우맛집#한우모듬생고기#한우설화살
5646,동작노을카페,서울 동작구,#동작노을카페#동작대교카페#별마루한강라운지#음식#이마트24동작노을카페#한강노을맛집#한강뷰카페
5684,비언유주얼,서울 강남구,#3D맵핑#3D영상#가볼래터#여행구독#음식#이색레스토랑#특별한날#프라이빗
5761,청송옥,서울 중구,#곱창전골#냉면#떡국#맛집#서울#서울맛집추천#육회비빔밥#음식#장터국밥#장터국밥#중구맛집
5879,동방명주 충무로점,서울 중구,#굴소면#맛집#삼선우동#새우볶음밥#음식#잡채밥#중구중국음식맛집#짜장면#필동맛집#필동중국집
5978,소선재,서울 종로구,#간장게장과_식사#능이불고기와_식사#떡갈비#떡갈비와_식사#맛집#보리굴비와_식사#삼청동맛집#삼청동밥집#서울맛집추천#음식#장아찌_보쌈과_식사#한정식
5999,10꼬르소꼬모 청담점,서울 강남구,#10꼬르소꼬모#10꼬르소꼬모청담점#강남브런치카페#쇼핑#음식#청담동카페#청담동편집숍#청담브런치카페
6061,쭈꾸미킹2.0 상봉점,서울 중랑구,#상봉동맛집#음식#중랑구 쭈꾸미킹2.0#직화쭈꾸미#쭈꾸미맛집#쭈꾸미킹2.0#쭈꾸미피자
6114,와이키키마켓,서울 마포구,#가볼래터#바비큐#서울데이트#여행구독#음식#이색데이트#한강
6165,강북구 서당골,서울 강북구,#강북맛집#돼지불고기#맛집#서당골정식#서울맛집추천#음식#한식
6238,하이서울유스호스텔 레스토랑,서울 영등포구,#식품의약품안전처_음식점위생등급_매우우수(2017년)#영등포맛집#음식#음식점위생등급#하이서울유스호스텔
6257,켄싱턴호텔 여의도 뉴욕뉴욕,서울 영등포구,#뉴욕뉴욕#맛집#분위기_좋은#서울맛집#수도권#스테이크맛집#여의도맛집#연중무휴#음식#켄싱턴호텔#켄싱턴호텔다이닝#코스요리#프라임뉴욕스테이크
6287,남산골산채집,서울 중구,#맛집#부추전전망_좋은#산채비빔밥#샐러드_돈까스_비빔밥#왕돈까스#음식
6396,중구 베테랑칼국수,서울 중구,#들깨칼국수#명동베테랑칼국수#명동칼국수#베테랑칼국수#베테랑칼국수롯데백화점#음식#전주베테랑칼국수#칼국수맛집
6429,꽃밥에피다,서울 종로구,#건강식#건강식맛집#건강여행#건강음식#건강한힐링여행#연인과함께#음식#친황경#친황경여행#힐링여행
6491,패션5,서울 용산구,#갤러리카페#디저트#디저트베이커리카페#맛집#음식#한남동#한남동가볼만한곳#한남동맛집#한남동카페
6523,페르시안궁전,서울 종로구,#맛집#서울맛집추천#음식#인도음식#종로맛집#카레라이스#탄두리난#통닭카레정식#페르시안케밥
6550,강동 오늘손칼국수,서울 강동구,#강동구맛집#강동구맛집#성내동맛집#오늘손칼국수&찜강동본점#오늘손칼국수앤찜#음식#해물찜맛집
6646,필경재,서울 강남구,#강남맛집#궁중요리#궁중한식#맛집#음식#한식당#한정식맛집#한정식코스
6700,송림식당,서울 광진구,#기사식당#돼지불백#맛집#백반#선지해장국#음식#음식점
6720,일일향 논현2호점,서울 강남구,#가성비_갑#맛집#분위기_좋은#어향동고#음식#전채요리#짬뽕#코스요리#탕수육
6765,서초동노랑저고리,서울 서초구,#노랑저고리#맛집#분위기_좋은#서울맛집#수도권#음식#전망_좋은#정성가득#한정식#한정식
6804,중구 송원,서울 중구,#맛집#음식
6862,신당동천팥죽,서울 중구,#맛집#음식#정성가득#팥죽#팥칼국수
6894,동흥관,서울 금천구,#가족식사_추천#간짜장#군만두#노포맛집#마파두부밥#맛집#수타짜장면#우동#음식#잡채밥#짬뽕#탕수육
6924,강남구 카페엠,서울 강남구,#분위기_좋은#유기농아이스크림#음식#플랜테리어#플랜테리어카페
6949,송림가,서울 구로구,#구로구#맛집#명품_한우_생갈비#부귀한정식#솔정식#수라한정식#음식#태평한정식고#한우_꽃등심#한정식#향정식
6970,63뷔페 파빌리온,서울 영등포구,#63빌딩#63빌딩파빌리온#맛집#뷔페식#송년모임#연말모임#음식#파빌리온
6996,강강술래신림본동점,서울 관악구,#가족식사_추천#갈비구이#강강술래#강강술래신림동#맛집#소갈비구이#양념갈비#양념소갈비#음식#음식점#한우생등심
7038,송추가마골 은평1호점,서울 은평구,#북한산맛집#송추가마골은평1호점#우대본갈비#음식#진관동갈비집#진관동맛집
7062,봉래헌(메이필드호텔),서울 강서구,#맛집#음식
7127,꾸에바마테라,서울 용산구,#감성사진#감성카페#연인과함께#음식#음식점#이색카페
7201,고려삼계탕,서울 중구,#건강식#건강식맛집#건강여행#고려삼계탕#고려삼계탕#맛집#미쉐린가이드#보양식#산삼삼계탕#산삼오골계탕#삼계탕#삼계탕맛집#서소문맛집#서울맛집#시청맛집#오골계탕#음식#전복삼계탕#전복오골계탕담백한_맛#한식맛집
7223,금천구춘천옥,서울 금천구,#가산디지털단지맛집#금천춘천옥#막국수#맛집#보쌈#보쌈맛집#분위기_좋은#비빔막국수#서울맛집#서울한식당#선지국밥#음식
7256,인크커피 가산점,서울 금천구,#가디맛집#가볼래터#금천구카페#여행구독#음식#인크카페가산점#인크커피#인크커피가산점
7288,성북동누룽지백숙,서울 성북구,#누룽지백숙#누룽지백숙#들깨메밀수제비#맛집#메밀국수#메밀비빔국수#메밀수제비#메밀전#성북동맛집#음식#한식
7315,고래불,서울 강남구,#고래고기#맛집#바다물곰탕#생꽃새우#음식#자연산전복회#자연산활어회#코스요리
7339,배정철어도,서울 강남구,#남녀노소#맛집#생선초밥#생선회#음식#일식#일식당#점심특선#정식가성비_갑#초밥
7352,아이러브신당동떡볶이,서울 중구,#궁중떡볶이#눈물떡볶이#맛집#신당동떡볶이#음식#치즈떡볶이#해물떡볶이
7411,케르반레스토랑,서울 용산구,#맛집#수도권#음식#케르반터키쉬할랄레스토랑#케밥#피데
7493,진주집,서울 영등포구,#냉콩국수#냉콩국수#닭칼국수#닭칼국수#맛집#비빔국수#영등포구#음식#접시만두
7521,호남식당,서울 중구,#갈치조림#고등어조림#김치찌개#맛집#생선구이#음식#청국장#한식#한식당#한식맛집
7556,서대문수빈,서울 서대문구,#간장게장#간장게장정식#깡장비빔밥정식#떡갈비#떡갈비정식#맛집#서대문구#수빈정식#음식#한정식#한정식집#황태구이정식
7597,여의도백리향,서울 영등포구,#63빌딩다이닝#63빌딩중식당#맛집#분위기_좋은가족식사_추천#여의도맛집#여의도중국음식맛집#음식#코스요리
7665,송파구횡성한우,서울 송파구,#방이동소고기#방이동횡성한우#석촌호수맛집#송파횡성한우#음식#잠실고기맛집
7686,도봉구대문한정식,서울 도봉구,#간장게장#도봉구맛집#맛집#음식#한정식
7711,촛불1978,서울 중구,#돈까스#라이스데이트_맛집#맛집#샐러드#서울특별시#스테이크#양식#음식#중구#파스타#퐁듀#퐁듀코스
7761,평안도족발집,서울 중구,#녹두빈대떡#맛집#맛집탐방#물막국수담백한_맛#비빔막국수#서울중구맛집#음식#족발
7786,청와옥 본점,서울 송파구,#24시간음식점#방이동순대국#송파순대국#음식#청와옥#청와옥올림픽공원점#편백정식
7816,서대문구형제갈비,서울 서대문구,#갈비#갈비탕#꽃갈비살#맛집#불고기#불고기#생갈비#서대문구#서울특별시#신촌형제갈비#양념갈비#음식#형제갈비
7900,송화산시도삭면,서울 광진구,#가성비맛집#건대딤섬맛집#건대맛집#건대입구맛집#맛집제보#서울딤섬맛집#송화산시도삭면#음식
7962,참만나,서울 노원구,#꽃등심#노원구#대패쌈밥정식#돼지왕갈비#맛집#매운갈비찜#음식#차돌쌈밥정식#한우
7984,제일콩집,서울 노원구,#감자부침담백한_맛#공릉동맛집#노원맛집#두부요리#두부찌개#맛집#서울맛집추천#순두부#음식#청국장#콩국수#콩국수#콩비지
8012,무교동 북어국집,서울 중구,#맛집#북어해장국#북어해장국가성비_갑#서울맛집추천#서울중구#음식#정성가득
8037,전민규의황제누룽지탕 노원직영점,서울 노원구,#노원황제누룽지탕#복날음식#복날음식#음식#전민규의황제누룽지탕#해물누룽지탕#해물누룽지탕#황제누룽지탕
8076,WANGTHAI,서울 용산구,#맛집#분위기_좋은#얌꿍#얌운센#음식#이국적인#팟타이가이
8098,성수살라댕템플,서울 성동구,#서울가볼만한곳#서울맛집#서울맛집추천#서울분위기좋은맛집#양식#음식#퓨전요리
8128,관훈동 산촌,서울 종로구,#건강한요리#건강한음식#맛집#사찰요리#사찰음식#산나물#생강차#쌍화차#유자차#음식#저녁#점심#종로맛집#한식
8148,로씨니,서울 종로구,#레스토랑#맛집#분위기_좋은정성가득#서울맛집추천#스테이크#안심스테이크#양갈비_석쇠구이#음식#이탈리아음식#종로맛집#파스타#파스타
8163,대도식당 왕십리본점,서울 성동구,#대도식당#성동구맛집#왕십리대도식당#왕십리맛집#음식#한우맛집#한우맛집
8218,산채향,서울 중구,#더덕구이정식#더덕맛집#더덕매운갈비찜정식#더덕무침정식#더덕요리#맛집#부모님과함께#음식#한식#한식당#한식마을
8241,사간동푸드떼,서울 종로구,#가볼래터#여행구독#음식#종로카페#찻집#카페#티룸#티카페#홍차#홍차맛집#화과자
8386,마포삼다코지,서울 마포구,#가볼래터#감성카페#서울#아메리카노#여행구독#음식#카페
8416,옛날집낙원아구찜,서울 종로구,#낙원아구찜#맛집#분위기_좋은#수도권#아구찜#아귀찜#아귀탕#음식#해물찜#해물찜#해물탕
8440,영일분식,서울 영등포구,#가성비맛집#맛집#맛집제보#서울#영등포구#음식#칼국수#혼밥하기좋은
8464,아재왔소,서울 도봉구,#간제미요리#도봉구#맛집#오리백숙#음식
8479,르몽블랑,서울 용산구,#SNS감성핫플레이스#가볼래터#감성카페#디저트카페#여행구독#음식#이색디저트#카페
8509,대치동중앙해장,서울 강남구,#강남선지국#강남해장국#삼성동해장국#양선지해장국#음식#중앙해장
8539,고궁의 아침,서울 종로구,#남녀노소#냉면#돼지갈비#돼지갈비#맛집#선지해장국#소양념갈비#음식#종로구#한식#한식맛집#한우생등심
8570,성북동돼지갈비본점,서울 성북구,#돼지갈비#돼지갈비백반#떡갈비백반#맛집#불고기백반#서울맛집#성북동돼지갈비집#수도권#음식
8595,강동황도바지락칼국수,서울 강동구,#냉국수#맛집#왕만두#음식#칼국수
8615,금왕돈까스,서울 성북구,#금왕정식#돈까스#맛집#생선까스#서울시#성북구#심돈까스#안심돈까스#음식#함박스테이크언론소개_맛집
8643,운산,서울 영등포구,#맛집#음식#한정식
8666,서초구통나무집,서울 서초구,#갈비살#갈비탕#꽃등심#맛집#살치살#양념갈비#육회#음식
8687,설마중,서울 서초구,#서울맛집#숯불갈비#외국인도_선호하는#우정을위하여#음식#이심전심#진수#한정식
8711,강서도일처,서울 강서구,#도일처#동파육#맛집#서울맛집#수도권#음식#중식#짜장면
8736,강남곰바위,서울 강남구,#곰바위#맛집#서울맛집#수도권#연중무휴#음식#특양구이#한우막창
8794,드럼통 참숯석쇠구이,서울 송파구,#갈비살#갈비살#고기요리#된장찌개#막창#맛집#삼겹살#서울시#송파구#안창살#안창살#열무국수#육류#음식
8856,종로구밀림,서울 종로구,#가볼래터#서울종로구음식점#서울핫플#여행구독#음식#음식점#인스타_핫플레이스#종로구#종로구맛집#창신동#태국음식점
8882,인사동 촌,서울 종로구,#건강한음식#구절편요리담백한_맛#맛집#북촌정식#외국인도_선호하는#음식#철판낙지볶음#한식#한식당#한식맛집#한식전문점#해물파전
8904,[백년가게]대호정,서울 금천구,#냉삼#돼지갈비#돼지갈비#백년가게#서울맛집#오징어쌈밥#오징어쌈밥#음식
8945,아델라베일리,서울 종로구,#부암동레스토랑#부암동카페#북악산레스토링#북악산아델라베일리#북악산카페#북악스카이웨이레스토랑#선셋맛집#스몰웨딩#아델라베일리#음식#전망좋은레스토랑#하우스웨딩장소
8996,삼대할먼네,서울 중구,#떡볶이#맛집#삼대할먼네#서울맛집#수도권#신당동떡볶이#음식
9027,용산구기와,서울 용산구,#갈비찜#갈비찜#떡갈비#맛집#보리굴비#보리굴비#어탕수#외국인도_선호하는#용산구#음식#한상차림#한정식
9053,을지다방,서울 중구,#SNS감성사진#감성카페#뉴트로_감성여행#뉴트로감성#사진찍기#사진찍기좋은곳#사진촬영#사진촬영명소#연인과함께#음식#음식점#이색카페#친구와함께#카페
9078,해담채 남부터미널점,서울 서초구,#서초맛집#음식#코스요리#해담채
9101,감꽃당,서울 종로구,#디저트맛집#사진찍기좋은곳#에그타르트#연인과함께#음식#종로카페#휴식공간#휴식여행#휴식하기#휴식하기좋은곳#힐링여행
9140,국화정원,서울 성북구,#간장게장#간장게장_특선#맛집#성북구맛집#음식#점심특선#정3품#한식#한식맛집#한식백반#한식코스요리#한정식
9163,뽐모도로,서울 종로구,#맛집#음식#종로구#파스타
9200,트레스드,서울 송파구,#MZ세대#까놀리#디저트#디저트맛집#분위기맛집#음식#이색맛집#이탈리아디저트#카놀리
9229,수유동가문,서울 강북구,#굴짬뽕#맛집#음식#자장면#짬뽕#코스요리#탕수육
9249,북한산 큰숲 제빵소,서울 은평구,#당일구운빵#둘레길#베이커리#북한산#북한산온천비젠#송추가마#음식#제빵소#주택개조카페
9303,다래함박스텍,서울 강북구,#가성비식당#기사식당돈가스#다래함박스테이크#돈가스맛집#수유리기사식당#음식#함박스테이크맛집
9365,뱃고동,서울 강남구,#낙지전골#맛집#산낙지불고기언론소개_맛집#오징어불고기#음식
9410,한강파라다이스,서울 영등포구,#경치좋은곳#고르곤졸라_피자#디조피자#마르게리따_피자#맛집#불고기_피자#삼겹살_피자#서울시#스테이크#실내데이트#양식#연인과함께#영등포구#음식#커플데이트#한강
9428,미가할매집,서울 관악구,#가족식사_추천정성가득#꽃갈비살#맛집#미가할매집#숯불구이#숯불구이한정식#음식#코스요리#한우생등심#한정식
9563,서울서둘째로잘하는집,서울 종로구,#단팥죽#맛집#분위기_좋은#삼청동#삼청동맛집#생강대추차#수정과#식혜#십전대보탕#음식#팥죽#팥죽집
9589,자인뭉티기,서울 서초구,#맛집#명품구이#모둠구이#뭉티기#육회#음식
9610,양반댁,서울 종로구,#간장게장#교자상#맛집#삼합#서울맛집#수라상#양반댁#양반정식#육회#음식#진지상#친환경_농산물#한정식코스요리
9684,미자식당,서울 동작구,#맛집#매운탕#양념상차림#음식#회양념
9715,평안도만두집,서울 종로구,#김치찌개#만두전골#만두전골#만둣국#맛집#빈대떡#음식#접시만두#제육#종로구
9739,지화자,서울 종로구,#맛집#소갈비구이수라#소갈비찜수라#외국인도_선호하는#음식#장금만찬#전복초수라#진어만찬#진어별만찬
9761,인사동그집,서울 종로구,#맛집#음식
9785,라칸티나,서울 중구,#라자냐#맛집#음식#파스타
9847,동적불고기깡통구이 쌍문 본점,서울 도봉구,#동적불고기#동적불고기깡통구이쌍문본점#쌍리단길맛집#쌍문동맛집#쌍문맛집#음식
9880,서래본갈비,서울 서초구,#갈비식당#서래마을갈비#서래마을고깃집#서래마을식당#서래본가#음식#한우생갈비#호텔분위기식당
9905,어양,서울 송파구,#맛집#양장피#음식#짜장면#짬뽕#코스요리#탕수우럭#탕수육#해물누룽지
9933,단미그린비,서울 강남구,#강남한정식#단미그린비#상견례식당#음식#자곡동한정식#한정식
9958,갯마을,서울 용산구,#녹두부침#떡국#떡만두국#만두국#만두전골#맛집#손만둣국#용산구#음식
9973,그리츠(GREETS) 글래드호텔 여의도,서울 영등포구,#뷔페#식품의약품안전처_음식점위생등급_매우우수(2017년)#영등포맛집#음식#음식점위생등급
10000,아승지,서울 영등포구,#맛집#서울시#아승지_정식#아승지정식#영등포구#음식#한식
10019,광장싸롱,서울 종로구,#광장시장#레트로#빈티지#음식#전통차#종로강남한의원#청계천
10041,태림산채정식,서울 도봉구,#건강식#더덕구이정식#맛집#불고기정식#산채정식#음식
10076,을지로 원형들,서울 중구,#가볼래터#감성카페#고수케이크#딜케이크#여행구독#음식#이색디저트#충무로카페
10104,산도토리임자탕,서울 도봉구,#가족식사_추천#도토리묵무침#도토리묵밥#도토리임자탕#도토리전#맛집#음식
10127,향림,서울 노원구,#냉채류#노원구#닭고기류#담백한_맛#두부·야채류#맛집#밥·면류#샥스핀류#서울시#소고기·돼지고기류#외국인도_선호하는#음식#정성가득#중화요리#해삼·전복류
10143,금용문,서울 종로구,#가족식사_추천#금용문_중식코스#금용문전가복#딤섬류#맛집#매운새우돈육말이#삼선짜장#우럭튀김#음식#종로구#중국집#차돌짬뽕
10163,깃대봉냉면,서울 종로구,#냉면#만두#맛집#음식
10187,순희네빈대떡,서울 종로구,#고기완자언론소개_맛집#녹두빈대떡#맛집#음식
10227,곰국시집 명동,서울 중구,#맛집#음식
10264,만강 수서점,서울 강남구,#강남맛집#서울맛집#음식#한정식
10280,해담채 서여의도점,서울 영등포구,#영등포맛집#음식#코스요리#해담채
10305,다락정,서울 종로구,#김치만두전골#만두#맛집#불고기#삼청동맛집#서울맛집추천#음식
10328,백원,서울 영등포구,#맛집#음식#코스요리
10394,아리차이,서울 관악구,#국코스가성비_갑#맛집#매코스#아리차이코스#음식
10423,익선동 그집,서울 종로구,#만두#맛집#음식#익선동맛집#종로구#칼국수#칼만두
10458,먹고을전주콩나물국밥 묵동본점,서울 중랑구,#음식
10480,명품기사식당뚝다리김치찌개,서울 강동구,#강동구김치찌개전문점#기사식당맛집#김치찌개맛집#뚝다리김치찌개#명품기사식당뚝다리김치찌개#음식#천호김치찌개전문점
10496,요리하는남자,서울 송파구,#가성비_갑#남녀노소#맛집#분위기_좋은가족식사_추천#블랙치킨샐러드#서양식#안심_팬스테이크#연인과함께#음식#이탈리아음식#청포도리코타샐러드
10527,성수족발,서울 성동구,#맛집#서울3대족발#성수맛집#순대국#음식#음식점#족발#족발맛집
10552,키미아트,서울 종로구,#맛집#수도권#음식#카페#키미아트카페
10573,문배동 육칼,서울 용산구,#남녀노소#맛집#문배동#서울맛집#서울여행#육개장#육계장#육칼#음식#전국맛집#친구와함께#칼국수#칼국수
10618,청담골,서울 강남구,#가정식_백반#갈치구이_백반#누룽지_정식#맛집#삼치구이#음식#음식점#제육볶음_백반#조기구이_백반#청담골#한정식
10637,몽실이네 토종한우,서울 성동구,#갈비살#갈비탕#맛집#살치살#안심#육사시미#육회#음식#한우등심#한우모둠#한우한마리
10692,미진,서울 종로구,#가족식사_추천#맛집#메밀국수#메밀묵밥#보쌈정식#음식#종로맛집#판메밀
10721,동심한정식,서울 중구,#간장게장정식#맛집#보리굴비정식#서울시#음식#중구
10737,남원추어탕 풍천장어,서울 강남구,#강남구#건강한요리#건강한음식#맛집#음식#추어탕#추어탕맛집#한식#한식당#한식맛집
10747,산삼청각,서울 송파구,#가락동돼지갈비#가족모임식당#갈비집#산삼청각#송파가족모임식당#송파돼지갈비#숯불구이맛집#음식#한옥식당
10769,테르트르카페,서울 종로구,#갤러리카페#서울데이트코스#서울루프탑카페#서울뷰맛집#서울야경#서울야경명소#서울전망대카페#음식#창신동뷰카페#테르트르#테르트르카페
10808,최수사 대게마을,서울 강남구,#강남구#대게정식#맛집#사시미코스#서울시#음식
10829,정식당,서울 강남구,#가족과함께#맛집#연인과함께#음식#정식당#코스요리#파인다이닝#한식
10870,인사동큰집,서울 종로구,#맛집#음식#인사동맛집#한식#한정식
10914,옥류헌릴렉스,서울 강북구,#감성카페#계곡#계곡카페#모닥불#모닥불캠프#옥류헌릴렉스#우이동계곡카페#우이동릴렉스#우이동카페#우이천#음식#카페
10960,위대한밥상 영광,서울 서초구,#굴비정식#맛집#서울특별시#서초구#음식#한식
10975,부일갈비,서울 서초구,#가족식사_추천#갈비탕#갈빗살#담백한_맛#맛집#부일갈비#생갈비#생등심#서울맛집#소금구이#수도권#양념갈비#음식#한식
10992,툭툭누들타이,서울 마포구,#가성비맛집#가족외식추천#꿍_팟퐁커리#데이트코스#맛집#맛집제보#분위기좋은#비주얼맛집#뽀삐아_쁘라짠#쏨땀_가이양#얌꿍#얌운센#음식#태국음식#태국음식점#텃만꿍#푸팟퐁커리
11021,금강수림,서울 강남구,#건강식#건강식맛집#꼬리찜#맛집#복지리#복탕#음식#장어맛집#장어주물럭#향토음식#향토음식점
11054,세상의모든아침,서울 영등포구,#기념일레스토랑#브런치#브런치맛집#세상의모든아침#여의도뷰맛집#여의도브런치#웨딩맛집#음식#인테리어맛집#전경련회관식당#펜트하우스촬영장소#한강뷰식당
11089,조선옥,서울 중구,#갈비#갈비탕#대구탕#맛집#보양식#양념소갈비#음식#장국밥가성비_갑#한식#한식당#향토음식
11111,미 피아체,서울 강남구,#강남맛집#맛집#매콤한_닭_그릴#서울맛집추천#성게알_로제파스타#스페인산_이베리코_하몽#어란_오일_파스타#음식#이탈리아음식#이태리레스토랑#청담동맛집#치즈바게트_그라탕#파스타
11122,[백년가게]창성옥,서울 용산구,#맛집제보#백년가게#뼈전골언론소개_맛집#용산맛집#음식#해장국
11143,갯마을풍천장어,서울 도봉구,#능이전복오리백숙#도봉맛집#도봉산#맛집#민물장어#오리전복옻백숙#음식#전복능이삼계탕#코다리시레기+솥밥#코다리조림
11155,최대감네,서울 종로구,#맛집#음식
11187,삼해집,서울 종로구,#감자탕#굴보쌈#닭도리탕#맛집#소주한잔#아귀찜#음식#친구와함께#한방족발#한식#한식맛집
11214,유진막국수,서울 용산구,#남녀노소#막국수#막국수#막국수맛집#맛집#음식#이태원맛집#제육보쌈#족발#족발#해물파전#회막국수
11242,눈나무집,서울 종로구,#국수#김치말이_국수#녹두빈대떡#두부김치#떡갈비#맛집#분위기_좋은#삼청동맛집#서울맛집추천#음식#종로구맛집#평양만두
11280,불맛감자국,서울 은평구,#가족식사_추천#감자탕#닭볶음탕#맛집#음식#해물뼈찜
11322,해담채 강남점,서울 강남구,#강남맛집#음식#코스요리#해담채
11348,초우마을,서울 동대문구,#갈비#꽃등심#동대문구#맛집#음식#한우등심#한우부채살#한우살치살#한우육회
11366,대상해,서울 중구,#맛집#음식#정식요리#중식당
11393,왕돈까스&왕냉면,서울 관악구,#맛집#음식
11423,루위,서울 강남구,#강남맛집#남녀노소#몽골리안비프데이트_맛집#북경오리_한마리_및_코스요리#소롱포#음식#중식#중식당#중식요리#중식코스요리
11481,아리아,서울 중구,#뷔페#뷔페#서양식#서울중구맛집#식품의약품안전처_음식점위생등급_매우우수(2017년)#연인과함께#웨스틴조선호텔#음식#음식점위생등급#인도음식#일식
11503,에도긴,서울 강남구,#가족식사_추천#강남구#강남맛집#맛집#생선회#역삼동#음식#일식당#초밥#코스요리
11518,초록뜰,서울 동대문구,#7곡연잎밥#두부두루치기#맛집#맛집여행#묵밥#묵사발#버섯전골#서울맛집#음식#초록뜰#초록육개장
11532,또순이,서울 동작구,#노량진맛집#동작구맛집#맛집#생선회#음식
11569,달 카페,서울 종로구,#맛집#음식
11579,다리원,서울 은평구,#맛집#삼선짜장#음식#해물누룽지탕
11602,동해복집,서울 노원구,#노원구#노원맛집#맛집#보양식#복_맑은탕#복_수육담백한_맛#복어#복어맛집#서울맛집추천#음식#이색보양식
11652,톰볼라,서울 서초구,#가성비_갑#랍스타_스파게티#마르게리따_피자#맛집#볼로네제_라자냐#분위기_좋은#서초구#스테이크#스테이크#음식#이국적인#피자
11680,엄마손칼국수,서울 노원구,#당고개엄마손칼국수#당고개역맛집#당고개역칼국수#엄마손칼국수#음식#칼국수맛집#칼국수맛집
11701,고바우소곱창,서울 노원구,#간천엽#곱창#곱창맛집#노원맛집#대창#막창#맛집#소곱창#소막창#암소특양#양#음식
11724,장꼬방김치찌개전문,서울 서초구,#묵은지김치찌개#서초 김치찌개#서초 장꼬방김치찌개#서초 찌개#음식#장꼬방김치찌개
11751,청송본관함흥냉면,서울 서대문구,#맛집#서울맛집#수도권#음식#청송면옥#한식
11769,참숯골,서울 중구,#꽃등심#돌솥비빔밥#맛집#생갈비#안창살#양념갈비#외국인도_선호하는#음식#차돌박이#한식#한식맛집
11825,골목집,서울 영등포구,#건강한요리#건강한음식#보양식#영등포#영등포맛집#오리고기#오리맛집#오리백숙#오리요리전문점#오리주물럭#음식
11852,카페 모뜨,서울 종로구,#남녀노소#레스토랑#맛집#연인과함께#음식#종로구#카페#휴식공간#휴식여행#휴식하기좋은곳
11872,셀프하우스,서울 강동구,#맛집#음식
11930,삼성 빨간양념 숯불구이,서울 중구,#동그랑땡#맛집#서울맛집추천#서울중구맛집#음식
11950,모닥불,서울 동대문구,#건강한요리#건강한음식#남녀노소#동대문구#동대문구맛집#맛집#모닥불#샤브샤브#샤브샤브맛집#수도권#음식
11982,진남포면옥,서울 중구,#개성보쌈#막국수#막국수#맛집#비빔국수#서울 중구#음식#쟁반막국수#찜닭
12005,성북동집,서울 성북구,#만둣국담백한_맛#맛집#서울맛집#성북동집#음식#칼국수#한식
12065,삿뽀로 목동점,서울 양천구,#삿뽀로#삿뽀로목동점#삿뽀로횟집#신정동횟집#양천구맛집#양천구맛집#음식
12119,갓잇(god eat),서울 강남구,#강남구#맛집#멕시코요리#브리또#음식#타코
12154,내자상회,서울 종로구,#SNS감성사진#감성사진#디저트#디저트맛집#사진찍기좋은곳#사진촬영#사진촬영명소#실내데이트#연인과함께#음식#음식점#친구와함께
12178,우리강산,서울 송파구,#꽃등심_코스요리#돼지갈비#돼지갈비#맛집#사골갈비탕#송파구#음식#한우구이
12200,방이샤브샤브칼국수 방이본점,서울 송파구,#방이동맛집#방이샤브맛집#방이샤브샤브칼국수방이본점#방이역맛집#서울칼국수맛집#음식
12228,자원대구탕,서울 용산구,#대구내장탕#대구탕#맛집#음식
12250,정감어린,서울 용산구,#LA갈비#꽃갈빗살#돼지왕갈비#맛집#음식#정성가득
12282,전주회관,서울 중구,#담백한_맛#맛집#불낙전골#양념갈비#외국인도_선호하는#음식#전주곱돌비빔밥#정성가득#콩나물국밥
12300,우정낙지,서울 노원구,#낙지데침#낙지볶음#낙지볶음#낙지초무침#노원맛집#맛집#산낙지#서울맛집추천#음식#조개탕
12319,낙원(메이필드호텔),서울 강서구,#가족식사_추천#낙원#맛집#서울맛집#양념갈비_정식#연중무휴#음식#한우_꽃등심#한우꽃등심#한우특선_양념_대갈비#해산물_정식
12341,미우미우참숯구이,서울 송파구,#맛집#생갈비#송파구#와규#와규꽃살#와규부채살#와규생갈비#와규안창살#왕갈비탕#음식#제육쌈밥
12359,용금옥,서울 중구,#더덕구이#맛집#모듬전#미꾸라지부침#북어구이#수도권#용금옥#음식#추어탕#추탕
12380,용문집,서울 성동구,#맛집#분위기_좋은가족식사_추천#언론소개_맛집#외국인도_선호하는#음식#한우갈비본살#한우꽃등심#한우살치살#한우안창살
12402,[백년가게]부산복집,서울 중구,#맛집#백년가게#복매운탕#복매운탕#복수육#복찜#서울시#음식#중구
12421,그릭조이,서울 마포구,#그리스음식#레스토랑#마포구맛집#맛집#미코노스#분위기_좋은#서울맛집추천#아테네#음식#전망_좋은#크레타#플라카
12442,바바인디아 강남역점,서울 서초구,#강남데이트#난#맛집#서초구맛집#음식#인도요리#인도음식#커리#탄두리_치킨
12467,서울리즘,서울 송파구,#롯데서울타워#루프탑카페#서울_여행지_추천#서울가볼만한곳#서울권#음식
12492,홍능갈비집본점,서울 동대문구,#갈비맛집#갈비맛집#동대문구맛집#동대문구맛집#음식#청량리맛집#청량리맛집#홍능갈비집#홍능갈비집본점
12515,곰국시집,서울 중구,#곰국시#곰국시#맛집#서울중구#수육#음식#전골국수
12534,까델루뽀,서울 종로구,#가족과함께#맛집#분위기_좋은#양식#양식_코스요리#양식코스#연인과함께#음식#이탈리아요리#이탈리아음식#한옥
12560,이강순실비집,서울 종로구,#낙지볶음#낙지철판#낙지파전#맛집#음식#조개탕
12583,영등포복집,서울 영등포구,#담백한_맛#맛집#복매운탕#복불고기#복샤브샤브#복수육#복어요리#복지리#분위기_좋은가족식사_추천#서울시#영등포구#음식
12601,상인정신,서울 종로구,#갈릭소스_가리비구이#갓_잡은_통_우럭구이#남녀노소#맛집#음식#정성가득#종로구#쫀득_가리비회#친구와함께#해물요리#해물전문점
12620,늘푸른식당,서울 마포구,#남녀노소#마포구#마포구맛집#막걸리#맛집#모듬전#서울여행#아현시장#음식#전#전맛집
12638,홍원,서울 마포구,#남녀노소#마포구#마포구맛집#맛집#음식#중식#중식당#중식맛집#중식요리#짜장면#친구와함께#탕수육
12653,더 킹스,서울 중구,#맛집#음식
12678,해안반점,서울 강동구,#강동구#강동구맛집#남녀노소#맛집#음식#중국집#중식#중식당#중식요리#중식코스요리#짜장면
12696,로리스 더 프라임 립,서울 서초구,#립#서초맛집#식품의약품안전처_음식점위생등급_매우우수(2017년)#음식#음식점위생등급#프라임_립_강남_컷#프라임_립_로리_컷#프라임_립_캘리포니아
12731,백제삼계탕,서울 중구,#맛집#명동맛집#백제삼계탕#음식
12752,라 쿠치나,서울 용산구,#남산#맛집#분위기_좋은#서울맛집추천#양식_코스요리#용산구#음식#이탈리아음식
12771,삼수갑산,서울 관악구,#가족과함께#맛집#육회가성비_갑#음식#한우#한우갈빗살#한우구이#한우맛집#한우모듬#한우생등심#한우차돌박이
12786,스시겐,서울 마포구,#가성비_갑#꽃초밥#남녀노소#맛집#모둠초밥#분위기_좋은#음식#일식#일식당#초밥맛집#코스요리
12801,하모,서울 강남구,#가오리찜#담백한_맛#맛집#육전#음식#정성가득#진주비빔밥#진주음식#한정식#헛제사밥
12824,장군갈비,서울 광진구,#갈비살#고기요리#광진구#광진구맛집#맛집#생갈비#생갈비#생꽃등심#서울시#안창살#양념갈비#육류#육회#음식#한우갈비탕
12847,평래옥,서울 중구,#냉면#맛집#서울시#음식#중구#초계탕#초계탕#평양냉면
12875,장군보쌈,서울 종로구,#감자탕#굴보쌈#굴보쌈#낙지볶음#맛집#서울시#왕족발#왕족발#음식#종로구
12896,궁나라냉면묵밥,서울 종로구,#궁나라냉면묵밥#맛집#묵밥#묵밥#물냉면#물냉면#비빔냉면#서울맛집#왕만두#음식#음식점#한식
12910,모녀마약김밥,서울 종로구,#광장시장#광장시장맛집#김밥#맛집#모녀마약김밥#수도권#음식#종로맛집
12956,갤러리카페 3안,서울 종로구,#갤러리카페#디저트류#맛집#에스프레소#음식#종로구#카페#카페라떼_커피_및_음료#티
12972,장수촌 풍천장어,서울 종로구,#가을보양식#가족식사_추천#담백한_맛#보양식#음식#장어구이#장어맛집#장어탕#풍천장어#한근_바지락_칼국수
12993,터치더스카이,서울 영등포구,#디너메뉴#런치메뉴#맛집#서울맛집#시저샐러드#음식#터치더스카이#한우등심스테이크#한우심_스테이크#한정식_메뉴데이트_맛집
13020,성북동 구포국수,서울 성북구,#국수#맛집#성북동#성북동국수#성북동맛집#음식
13043,잇텐고,서울 마포구,#마포구#마포구맛집#맛집#바질_라멘#음식#일식#일식당#일식맛집#차슈동#키요마사#키츠네#토마토쯔께모노
13100,감나무집기사식당,서울 마포구,#감나무집기사식당#연남동24시간집밥#연남동돼지불백#연남동백반#연남동집밥#음식
13123,안동국시소람,서울 종로구,#국밥#국시#맛집#모둠전#보쌈#수육#음식
13148,명문막국수,서울 성북구,#남녀노소#들깨칼국수&수제비#막국수맛집#맛집#메밀막국수#메밀부침&전병#명태식혜비빔막국수#성북구맛집#여름철#음식
13200,슈치쿠,서울 영등포구,#계절_생선_냄비_정식#레스토랑#맛집#생선회와_스시_오마카세_코스#서울시#슈치쿠_정식요리#슈치쿠_코스요리#영등포구#음식#일식#한우_스키야키_정식
13228,청수횟집,서울 강남구,#맛집#음식
13250,강서면옥,서울 중구,#만두전골#맛집#음식#이북식_왕만두국#평양물냉면#한우꽃등심#한우생갈비#한우석쇠불고기#함흥비빔냉면#회냉면
13273,진남회집,서울 동작구,#건강한요리#건강한음식#동작구#동작구맛집#맛집#소주한잔#음식#초밥#친구와함께#회#회맛집
13287,커피친구,서울 종로구,#남녀노소#맛집#음식#종로구#종로구맛집#핸드드립#핸드드립커피#휴식공간#휴식여행#휴식하기#휴식하기좋은곳
13306,키다리아저씨,서울 마포구,#마카롱#맛집#빵#스콘#앙버터#음식#커피#케이크#코코넛쿠키
13326,이화감자국,서울 은평구,#맛집#음식
13355,상락원,서울 서초구,#맛집#분위기_좋은#음식#한정식
13368,더플레이스다이닝,서울 용산구,#담백한_맛#더플레이스다이닝#디저트#리조또#맛집#분위기_좋은#샐러드#서울맛집#스테이크#에피타이저#연중무휴#음식#파스타#피자#한우_스테이크#한우스테이크#해산물_플레이트#해산물플레이트
13388,비노인빌라,서울 서초구,#맛집#봉골레#서초구#스테이크#알리오올리로#음식#파스타#페투치니
13411,강남목장,서울 강남구,#맛집#생갈비살#생등심#양념갈비#업진살#음식#차돌박이
13434,학림다방,서울 종로구,#맛집#음식
13462,마지,서울 종로구,#독특한메뉴#맛집#분위기좋은#비주얼맛집#서울시#서초구#연밥정식#음식#채식메뉴보유
13485,BK볏짚 우대갈비 장안동본점,서울 동대문구,#BK볏짚 우대갈비 장안동본점#동대문맛집#동대문맛집#비케이우대갈비#우대갈비맛집#음식#장안동볏짚직화구이
13513,풍류사랑,서울 종로구,#맛집#음식
13522,부빙,서울 종로구,#맛집#음식#카페#팥빙수
13559,장프리고,서울 중구,#과일소매#동대문#바#서울#위스키#음식#카페#칵테일#핫플
13588,메이징에이,서울 중구,#기스면#메이징 덕#메이징_덕#면보샤#모듬바베큐#서울중구맛집#식품의약품안전처_음식점위생등급_매우우수(2017년)#오렌지_크림새우_화자오_어향가지#음식#음식점위생등급
13632,해품장팔팔장어,서울 노원구,#공릉동맛집#공릉동맛집#공릉장어맛집#노원구장어#음식#하계동맛집#해품장팔팔장어
13656,은주정,서울 중구,#김치찌개#맛집#비빔쫄면#음식#저녁
13682,외양간,서울 마포구,#남녀노소#마포구#마포구맛집#맛집#생갈비살#소주한잔#안심#안창살#육우#육회#음식#친구와함께#한우
13704,레이지파머스,서울 용산구,#가볼래터#데이트코스#레이지파머스#비건음식#식물학과#양식#여행구독#음식#이색식당#친구와함께
13731,아이해브어드림,서울 강남구,#구운가래떡낙지떡볶이#딸기피자#레스토랑#로제쉬림프파스타#맛집#신선로파스타#연인과함께#열린문화공간#음식#이베리코육전
13803,모모야마,서울 중구,#덮밥#도미머리정식#도미머리정식#도시락정식#도시락정식#맛집#모모야마#서울맛집#스시#연중무휴#음식
13828,코리아하우스,서울 강남구,#갈비안창살#꼬냑등심#꽃살#맛집#보리굴비#생갈비#서울맛집#스페셜등심#양념갈비#음식#치맛살#코리아하우스#한식
13843,한쿡 N서울타워,서울 용산구,#맛집#음식
13867,더 우리곱창,서울 종로구,#곱창#막창#맛집#음식#종로구
13893,헤이더그린,서울 강서구,#강서구카페#반려견카페#반려견카페#음식#정원카페#정원카페#힐링숲카페
13923,칠형제우리감자탕,서울 노원구,#감자탕#감자탕#공릉동맛집#맛집#뼈해장국#뼈해장국#서울맛집추천#음식
13939,오라이등심,서울 종로구,#갯장어#동그랑땡#맛집#서울맛집추천#음식#종로구
13961,동경,서울 종로구,#광화문돈가스#광화문우동맛집#동경#세종문화회관맛집#음식
13988,황금정원,서울 도봉구,#도봉구맛집#도봉구맛집#방학동맛집#방학동쌈밥#우이동맛집#음식#황금정원
14011,늘푸른목장 잠실본점,서울 송파구,#경주갈비살#늘푸른목장잠실본점#송파맛집#송파맛집#음식#잠실새내역맛집#잠실소고기맛집
14035,백제추어탕 본점,서울 강동구,#강동구맛집#강동구맛집#강동구추어탕#둔촌동추어탕#백제추어탕#백제추어탕본점#음식
14057,몽중헌 청담점,서울 강남구,#몽중헌청담점#서울딤섬맛집#압구정로데오거리역맛집#음식#청담동맛집#청담동맛집#청담동중식당
14080,충남식당,서울 동작구,#동작구#맛집#매운탕#서울시#음식
14105,도읍지,서울 동대문구,#도읍지#맛집#서울맛집#수도권#음식#한식
14153,서울원조아구찜,서울 종로구,#서울맛집#서울심야식당#서울원조아구찜#서울해물찜#음식#종로맛집
14169,프로퍼커피바2호점,서울 송파구,#대림상가빠카페#방이동카페#송파구베이커리카페추천#송파구카페#송파구카페#음식#프로퍼커피바
14202,우정,서울 중구,#떡볶이#떡볶이#맛집#매운닭발#서울맛집#수도권#어묵#우정#음식#해물뚝배기
14231,제주국수,서울 성동구,#고기국수#고기국수#맛집#멸치국수#비빔국수#서울시#성동구#영양닭곰탕#영양닭국수#음식#제주미니족발
14269,사동면옥,서울 종로구,#고기만두#남녀노소#냉면#만두#만둣국#맛집#손만두#손만둣국#왕만두#음식#찐만두
14290,두에꼬제,서울 용산구,#리조또#맛집#샐러드#음식#파스타#피자
14307,진원조 닭한마리,서울 종로구,#건강한요리#건강한음식#닭한마리#맛집#보양식#영양죽#음식#한식#한식맛집#한식전문점
14332,호남집,서울 종로구,#고등어구이#꽁치구이#맛집#삼치구이#음식#청국장
14356,대풍간장게장생선구이,서울 서초구,#간장게장#간장새우#고등어구이#맛집#삼치구이#음식
14373,태조대림감자국,서울 은평구,#가족과함께#감자탕#감자탕맛집#남녀노소#맛집#소주한잔#양념뼈구이#은평구맛집#음식#친구와함께#한식맛집
14401,산띠,서울 마포구,#네팔음식#맛집#서울맛집#음식
14420,옛찻집,서울 종로구,#맛집#음식
14442,[백년가게]청해진,서울 강동구,#백년가게#산낙지전골언론소개_맛집#서울맛집#음식#해물전
14466,마장갈비,서울 성동구,#돼지갈비#맛집#생삼겹살#소내장무침#소왕갈비#음식
14482,엘 샌드위치,서울 종로구,#맛집#샌드위치#음식#종로구
14500,허형만의 압구정커피집,서울 강남구,#맛집#음식
14511,비스테까,서울 용산구,#맛집#샐러드#음식#코스요리#파스타
14539,함흥에겨울냉면,서울 중구,#맛집#음식
14550,친니,서울 종로구,#맛집#서울맛집#수도권#연중무휴#음식#중식#친니
14583,장미삼계탕,서울 노원구,#노원구#노원맛집#닭볶음탕_중#맛집#삼계탕#서울특별시#옻오리#음식#장미삼계탕#추어탕#추어탕#추어튀김_각#통추어탕
14599,오다리집,서울 중구,#간장게장#맛집#숯불양념갈비#음식#흑돼지삼겹살
14615,서석대,서울 서초구,#꽃등심#맛집#서울시#서초구#음식#한우#한우꽃등심#한우꽃살치#한우등심#한우안창살#한우육회#한우주물럭#한우특수부위
14723,산들애건강밥상,서울 은평구,#백반기행맛집#북한산맛집#산들애건강밥상#산들애건강밥상맛집#음식#코다리구이
14744,하이디라오 서초지점,서울 서초구,#강남마라탕맛집#강남하이디라오#서초하이디라오#서초훠궈#음식#훠궈맛집
14774,명동부대찌개 명동황기족발,서울 중구,#맛집#부대찌개#서울특별시#음식#족발#중구
14788,남포면옥,서울 중구,#갈비탕#남녀노소#냉면#맛집#물냉면#비빔냉면#어복쟁반#음식#쟁반만두#평양냉면
14817,진미평양냉면,서울 강남구,#강남평양냉면#냉면맛집#미쉐린맛집#미슐랭#수요미식회냉면#수요미식회제육#음식#임세권셰프#평양냉면#평양만두
14844,아리랑,서울 중구,#갈비살#맛집#양념갈비#음식
14877,금돼지식당,서울 중구,#금돼지식당#서울맛집#서울삼겹살맛집#서울심야식당#신당동맛집#음식
14935,전주식당,서울 중구,#갈치구이#갈치조림#계란찜#된장찌개#맛집#서울맛집#수도권#순두부#외국인도_선호하는#음식#전주식당#청국장#한식
14957,전주유할머니비빔밥,서울 중구,#맛집#서울맛집#수도권#음식#전주유할머니비빔밥#한식
14975,카페 폭포,서울 서대문구,#가볼래터#감성카페#무더운여름#사진뷰카페#서울카페#여름#여름감성#여름나들이#여름피서지#여름휴가지#여름휴가지추천#음식#인공폭포#카페#카페폭포#폭포#폭포뷰#폭포카페#홍은동카페#홍제천#홍제천카페#홍제천폭포
15000,국시집,서울 성북구,#국시#국시#남녀노소#맛집#문어#문어#분위기_좋은#성북구맛집#음식#전#한식#한식당#한식맛집#한식전문점
15020,갈비명가이상 돈암본관,서울 성북구,#갈비명가이상돈암본관#길음역맛집#돈암갈비맛집#서울갈비맛집#음식#이상갈비#이상갈비
15048,개화,서울 중구,#맛집#음식#짜장면#탕수육
15082,삼호복집 신촌,서울 서대문구,#맑은뚝배기#맛집#복고니담백한_맛#복매운탕#음식
15106,해랑,서울 강남구,#낙지탕탕이#남녀노소#맛집#새우튀김#석화#소주한잔#음식#해물탕#해산물#해산물요리
15127,종가집,서울 종로구,#곱창전골#맛집#불낙전골#서울맛집추천#수도권#음식#종가집#종로맛집
15146,주은감자탕,서울 송파구,#24시간식당#맛있는녀석들감자탕#삼전동감자탕#송파감자탕#송파해장국#수요미식회감자탕#음식#주은감자탕
15174,신안촌,서울 종로구,#낙지꾸리#식품의약품안전처_음식점위생등급_매우우수(2017년)#음식#음식점위생등급#종로맛집
15200,라브리,서울 종로구,#광화문역맛집#레스토랑#맛집#서울맛집#외국식#음식#프랑스음식
15219,오우가,서울 중구,#대나무쌈밥#맛집#쌈밥#음식
15241,이닝,서울 강남구,#난자완스#맛집#북경오리#샥스핀#어향가지_새우찜#음식#짜장면#탕수육_각종_중화요리
15266,박가네빈대떡,서울 종로구,#건강한요리#건강한음식#광장시장#남녀노소#맛집#빈대떡#음식#한식#한식맛집#한식전문점#해물파전
15298,원대구탕,서울 용산구,#내장탕#대구탕#맛집#음식
15325,전통다원,서울 종로구,#맛집#연인과함께#음식#전통다원#차맛집#휴식공간#휴식여행#휴식하기#휴식하기좋은곳#힐링여행
15359,은호식당,서울 중구,#꼬리곰탕#꼬리찜#꼬리토막#도가니수육#도가니탕#맛집#설렁탕#소머리국밥#음식
15396,남문토방,서울 중구,#맛집#음식#중구#추어탕
15412,옛날중국집,서울 성북구,#맛집#볶음밥#음식#짜장면#짬뽕#탕수육
15439,완차이,서울 서대문구,#맛집#매운홍합#분위기_좋은#음식#짜장면#짬뽕#탕수육_각종_중화요리
15464,너비집,서울 중구,#맛집#음식
15490,남원집,서울 관악구,#가족식사_추천#곱창볶음#맛집#순대#순대곱창#음식
15508,메종 드 라 카테고리,서울 강남구,#메종드라카테고리#압구정디저트맛집#옥수수빙수#음식#청담동브런치#초당옥수수빙수#테라스브런치식당
15530,꼼떼 바베큐 둔촌본점,서울 강동구,#강동구맛집#강동구맛집#꼼떼바베큐둔촌본점#둔촌동맛집#서울스테이크맛집#음식#홈메이드바비큐
15556,마산옥,서울 강남구,#꽃게조림#맛집#아귀수육#아귀찜#아귀탕#연포탕#음식
15575,오향족발,서울 마포구,#맛집#서울맛집#수도권#순댓국#오향족발#음식#족발#족발
15601,봉피양 방이점,서울 송파구,#미쉐린가이드갈비#미쉐린가이드냉면#미쉐린가이드맛집#벽제갈비#봉피양#봉피양방이점#봉피양본점#봉피양평양냉면#수요미식회식당#수요미식회평양냉면#음식#평양냉면
15627,우스마니아,서울 용산구,#맛집#비프칠리드라이#사다난#서울맛집#수도권#연중무휴#우스마니아#음식#치킨탄두리마샬라#케밥
15646,타볼로24,서울 종로구,#JW메리어트동대문뷔페#동대문뷔페#음식#종로뷔페#타볼로24#호텔뷔페
15673,뜰과다원,서울 종로구,#맛집#음식
15694,안동할매청국장,서울 성북구,#건강한요리#건강한음식#맛집#불뚝배기#순두부_정식#음식#청국장#한식#한식당#한식맛집#회덮밥
15714,고향풍천장어,서울 종로구,#고향풍천장어#맛집#민물장어_구이#바다장어_구이#서울맛집#수도권#여수식_장어탕#음식#한식
15732,린스시,서울 서초구,#맛집#음식#초밥&참치_전문점#코스요리
15750,스시조,서울 중구,#사시미#서울중구#식품의약품안전처_음식점위생등급_매우우수(2017년)#음식#음식점위생등급#장어덮밥#초밥
15765,역전회관,서울 마포구,#서울맛집#음식#한식
15793,마포소문난원조족발,서울 마포구,#마포소문난원조족발#맛집#머리고기#서울맛집#수도권#순댓국가성비_갑#연중무휴#음식#족발#족발#편육
15817,워킹온더클라우드,서울 영등포구,#레스토랑#맛집#분위기_좋은#영등포구#음식#코스요리
15854,니와,서울 용산구,#남녀노소#니와#맛집#서울맛집#수도권#오코노미야끼#음식#일식#일식맛집#친구와함께#타코야끼
15870,제비다방,서울 마포구,#맛집#음식#카페
15901,사랑채,서울 종로구,#된장비빔밥#맛집#불낙#서울시#외국인도_선호하는#음식#종로구#파전가성비_갑#한식#한정식#한정식
15954,루이,서울 중구,#맛집#분위기_좋은#사천탕면#서울중구#소고기자장면#음식#잡채밥#중국요리#해물고추짬뽕
15974,동해도 광화문,서울 중구,#광화문스시뷔페#광화문일식당#광화문회전초밥#동해도#동해도광화문#음식#중구회전초밥#회전초밥#회전초밥뷔페
16008,희락갈치,서울 중구,#맛집#음식
16035,현대칼국수,서울 중구,#맛집#멸치육수#서울맛집추천#서울시청역맛집#서울중구맛집#음식#칼국수
16057,장안동 먹깨비 간장게장 해물아구찜,서울 동대문구,#음식#장안동24시간영업#장안동간장게장#장안동맛집#장안동먹깨비#장안동해물요리전문점
16080,미림산장,서울 강북구,#미림산장#서울계곡산장#우이동계곡미림산장#우이동맛집#우이동백숙#음식
16129,청담나인,서울 강남구,#강남이탈리안레스토랑#루프탑#루프탑전망좋은카페#음식#이탈리안#이탈리안레스토랑#재즈#재즈바
16154,신강양꼬치,서울 서초구,#맛집#양꼬치#음식
16185,화니 신세계 강남점,서울 서초구,#서초맛집#식품의약품안전처_음식점위생등급_매우우수(2017년)#음식#음식점위생등급#전주비빔밥
16209,돈까스잔치 동빙고점,서울 용산구,#돈까스잔치동빙고점#돈잔국수#서빙고맛집#왕돈가스#왕돈가스#음식#이촌맛집
16232,신촌 닭한마리 유닭스토리,서울 서대문구,#닭요리#닭한마리#맛집#신촌닭맛집#신촌맛집#음식#칼국수
16261,꼴라주,서울 서초구,#서초맛집#스테이크#식품의약품안전처_음식점위생등급_매우우수(2017년)#음식#음식점위생등급
16287,카나디안 랍스터,서울 서초구,#랍스터#맛집#서울맛집#음식
16304,청해진,서울 동작구,#노량진맛집#노량진수산시장#맛집#매운탕#분위기_좋은#생선회#음식#회덮밥#회식장소#회정식
16337,한모네 순대국,서울 광진구,#맛집#음식
16359,마쯔야,서울 중구,#서울중구맛집#식품의약품안전처_음식점위생등급_매우우수(2017년)#음식#음식점위생등급#일본우동#초밥
16382,춘천집닭갈비막국수,서울 서대문구,#낙지닭갈비#맛집#원조닭갈비#음식#쟁반국수#치즈닭갈비
16404,또순이원조순대,서울 관악구,#관악구#관악구맛집#맛집#백순대#서울맛집추천#서울특별시#순대#순대곱창볶음#음식
16427,타지펠리스,서울 용산구,#맛집#음식
16448,우리집떡볶이,서울 중구,#맛집#음식
16474,비하인드(B-hind),서울 마포구,#그린_카푸치노#마포구#마포구맛집#마포구카페#맛집#샌드위치#샌드위치#아포카토_알카페#와인#음식#카페#카페라떼
16487,미니네,서울 중구,#맛집#음식
16508,파툼(FATUM),서울 종로구,#맛집#음식
16530,노천파전,서울 동대문구,#노천파전#맛집#석굴#음식#참알탕#한치회무침
16549,비타포,서울 성북구,#맛집#음식
16570,일미간장게장본점,서울 동대문구,#간장게장맛집#동대문간장게장#동대문구맛집#음식#일미간장게장#한춘상일미간장게장
16609,홍루몽,서울 서초구,#맛집#삼선짬뽕_각종_중화요리담백한_맛#음식#찹쌀탕수육#크림중새우
16625,뿌자,서울 종로구,#맛집#음식
16643,타마린드,서울 서초구,#베트남요리#서초맛집#소고기_쌀국수#식품의약품안전처_음식점위생등급_매우우수(2017년)#월남쌈#월남쌈#음식#음식점위생등급#이국적인#파스타
16667,중앙갈치식당,서울 중구,#맛집#음식
16692,홍어명가,서울 영등포구,#맛집#생선요리#서울맛집#서울홍어회#음식#해물요리
16703,마포유가궁중족발,서울 마포구,#맛집#서울맛집#음식#족발
16724,밀화,서울 서초구,#샤부샤부#서초맛집#식품의약품안전처_음식점위생등급_매우우수(2017년)#음식#음식점위생등급
16747,아르모니움,서울 용산구,#단호박_라비올리#레스토랑#맛집#연인과함께#음식#이베리코_스테이크#이탈리아요리#이탈리아음식#트러플_에그#한남동맛집
16774,초롱이고모부대찌개,서울 강동구,#강동구#맛집#부대전골#부대전골#부대찌개#음식#햄찜
16792,파크 하얏트 서울 코너스톤,서울 강남구,#맛집#음식
16824,손가네곰국수,서울 성북구,#맛집#음식
16847,메종 한남,서울 용산구,#메종한남#뷰맛집#음식#한강뷰레스토랑#한남동데이트#한남동스테이크
16871,우성갈비,서울 중구,#고기요리#껍데기#돼지갈비#돼지갈비#맛집#분위기_좋은#육류#음식
16893,챠크라,서울 용산구,#맛집#음식
16911,백마김씨네 도곡본점,서울 강남구,#도곡동숯불갈비#백마김씨네#백마김씨네 도곡본점#음식
16935,스카이 라운지,서울 강남구,#로씨니#맛집#비발디#서프_앤_터프#음식
16967,누리,서울 종로구,#맛집#음식
16987,서일순대국,서울 동작구,#대방동순댓국#대방천사거리순댓국밥#서일순대국#수요미식회순댓국#순댓국#순댓국맛집#야채순대#음식
17010,알디프 티 바,서울 마포구,#서울카페#음식#티카페
17042,레스피레,서울 마포구,#데이트코스#슈페너#연인과함께#유럽풍#음식#카페#커피
17087,도원스타일,서울 강남구,#강남맛집#식품의약품안전처_음식점위생등급_매우우수(2017년)#음식#음식점위생등급#중식코스요리
17107,비비브라운,서울 강남구,#강남24시카페#강남수제샌드위치#비비브라운#음식#청담동24시카페#청담동수제샌드위치#청담동카페
17128,이끼롤까스 가로수길,서울 강남구,#고구마치즈돈까스#날치알치즈롤까스#돈까스#맛집#버섯치즈롤까스#음식#치킨치즈롤까스
17153,1940금문,서울 종로구,#1940금문#금문#대학로노포맛집#대학로자장면#맛있는녀석들시청자추천맛집#맛있는녀석들자장면#음식#혜화동자장면
17175,코끼리베이글,서울 영등포구,#베이글맛집#베이글맛집#서울3대베이글#양평동베이글맛집#영등포코끼리베이글#음식#코끼리베이글#코끼리베이글
17204,알페도,서울 용산구,#MZ세대#디저트맛집#알페도#음식#카이막#터키디저트#터키베이커리
17232,통일집,서울 중구,#된장찌개#맛집#서울시#음식#중구#한우
17247,아야진생태찌개 본점,서울 강남구,#방송맛집#봉은사역맛집#삼성동맛집#생태탕맛집#아야진생태찌개#음식
17274,히라메키,서울 강남구,#맛집#부손#야끼교자#음식#타코와사비#토쿠센오뎅나베
17292,하단,서울 성북구,#만두국#만두전골#맛집#메밀냉칼국수#음식#찐만두
17315,새만포면옥,서울 은평구,#남녀노소#냉면맛집#백년가게#불고기#서울맛집#어복쟁반#은평구#은평구맛집#음식#친구와함께#평양냉면
17366,황토추어탕,서울 강동구,#강동구#맛집#버섯추어탕#음식#추어군만두#추어정식#추어탕
17384,해담채 삼성점,서울 강남구,#강남맛집#음식#코스요리#해담채
17410,까사빠보,서울 중구,#민물장어덮밥#서울중구맛집#식품의약품안전처_음식점위생등급_매우우수(2017년)#음식#음식점위생등급#함박스테이크
17437,포포인츠 바이 쉐라톤 조선 서울역 더 이터리,서울 용산구,#담백한_맛뷔페#뷔페#식품의약품안전처_음식점위생등급_매우우수(2017년)#용산맛집#음식#음식점위생등급
17472,오양회참치 광화문본점,서울 중구,#맛집#분위기_좋은#생복탕#음식#전복죽#참다랑어회#초밥#회정식
17489,h450,서울 강남구,#강남레스토랑#강남맛집#강남여행#서양식#스테이크#식품의약품안전처_음식점위생등급_매우우수(2017년)#양식#연인과함께#음식#음식점위생등급
