,해시태그
0,궁중한식
1,두부찌개
2,당일구운빵
3,복매운탕
4,여행구독
5,꼬리찜
6,디저트
7,편백정식
8,영양죽
9,직화쭈꾸미
10,비케이우대갈비
11,당고개역맛집
12,장안동24시간영업
13,서울맛집
14,와규안창살
15,공덕시장
16,남녀노소
17,외국인도_선호하는
18,소고기_쌀국수
19,갈빗살
20,바다물곰탕
21,뮤직컴플렉스서울
22,딸기피자
23,왕십리대도식당
24,커리
25,우이동백숙
26,수요미식회양무침
27,갈릭소스_가리비구이
28,갈비안창살
29,청와옥
30,빈티지
31,먹거리
32,서울심야식당
33,곱창맛집
34,문화체험
35,생선요리
36,송파감자탕
37,도넛
38,광화문돈가스
39,삼겹살
40,한우정육식당
41,신당동떡볶이
42,페투치니
43,무교동맛집
44,갈비맛집
45,단팥죽
46,꼬리토막
47,보리굴비와_식사
48,순두부
49,인테리어맛집
50,감자전
51,호텔뷔페
52,진연
53,북악정궁중갈비
54,제육
55,서울데이트
56,용금옥
57,수복
58,광화문회전초밥
59,옻오리
60,달개비한정식
61,칼만두
62,포터하우스_스테이크
63,한우_스테이크
64,코끼리베이글
65,스테이크
66,메이징_덕
67,혜화동자장면
68,갈비식당
69,탄두리_치킨
70,산낙지불고기언론소개_맛집
71,필동중국집
72,간장게장맛집
73,담백한_맛뷔페
74,열린문화공간
75,남도분식
76,타코와사비
77,갈치구이_백반
78,매운홍합
79,모녀마약김밥
80,산낙지전골언론소개_맛집
81,서대문구
82,이색식당
83,동해도광화문
84,양천구맛집
85,오코노미야끼
86,데이트
87,인크커피가산점
88,참다랑어회
89,관광지
90,한우생등심
91,한우_꽃등심
92,연남동집밥
93,닭한마리칼국수
94,라이딩편집숍
95,켄싱턴호텔다이닝
96,충무로카페
97,베이글
98,전복삼계탕
99,강남여행
100,불고기_피자
101,물만두
102,서프_앤_터프
103,소고기·돼지고기류
104,채식메뉴보유
105,모둠전
106,굴보쌈
107,역사유적
108,해물탕
109,아이유푸드정육점
110,꼬냑등심
111,선지해장국
112,청담동중식당
113,산삼삼계탕
114,양념상차림
115,전주식당
116,숯불구이맛집
117,여의도중국음식맛집
118,발산역맛집
119,마카롱
120,서초 김치찌개
121,주택개조카페
122,한우갈비탕
123,공연장
124,전경련회관식당
125,갈비
126,차돌짬뽕
127,중국집
128,가족과함께
129,회식장소
130,서울종로구음식점
131,동대문맛집
132,정식가성비_갑
133,홍어무침
134,엄마손칼국수
135,숨은맛집
136,서소문맛집
137,낙지탕탕이
138,도곡동숯불갈비
139,오늘손칼국수앤찜
140,북악산카페
141,면목동시장
142,한정식집
143,함박스테이크언론소개_맛집
144,강북맛집
145,코코넛쿠키
146,간천엽
147,월남쌈
148,자연
149,프라이빗
150,국밥
151,녹두빈대떡
152,분위기맛집
153,막국수맛집
154,제육보쌈
155,회정식
156,노원구
157,강남하이디라오
158,재즈바
159,프로퍼커피바
160,서래마을식당
161,바
162,강남이탈리안레스토랑
163,금용문_중식코스
164,토쿠센오뎅나베
165,크림중새우
166,장안동볏짚직화구이
167,미림산장
168,두부김치
169,성수동맛집
170,불고기정식
171,이화여고
172,수라한정식
173,정원카페
174,족발
175,아현시장
176,음식점위생등급
177,광화문우동맛집
178,상허이태준가옥
179,이상갈비
180,꽁치김치찜
181,떡갈비백반
182,한식
183,팥죽집
184,황태구이정식
185,낙지철판
186,설렁탕
187,문어
188,복고니담백한_맛
189,모모야마
190,샤오바오본점
191,부암동레스토랑
192,기사식당돈가스
193,건대맛집
194,구운가래떡낙지떡볶이
195,대학로노포맛집
196,비빔냉면
197,미식클럽육개장
198,동대문구맛집
199,돼지볶음
200,명품구이
201,돈잔국수
202,또순이네된장찌개
203,관악구맛집
204,명동칼국수
205,네팔음식
206,24시간식당
207,서울시
208,이심전심
209,제육볶음
210,오렌지_크림새우_화자오_어향가지
211,갓_잡은_통_우럭구이
212,우동
213,휴식여행
214,생복탕
215,SNS감성사진
216,리조또
217,역사여행
218,고기요리
219,창신동
220,매코스
221,왕십리맛집
222,삼치구이
223,불고기덮밥
224,안국역맛집
225,해산물플레이트
226,진미옥설렁탕
227,수요미식회감자탕
228,뼈전골언론소개_맛집
229,면목시장
230,예쁜카페
231,막국수
232,한강뷰카페
233,향정식
234,인왕산
235,돈까스
236,역삼동
237,쌈밥
238,어향동고
239,장터국밥
240,강남24시카페
241,역사
242,삼선우동
243,해물누룽지탕
244,석굴
245,여름휴가지추천
246,안창살
247,동치미막국수
248,메이징 덕
249,문화시설
250,가볼래터
251,이색적인_맛
252,냉국수
253,한과
254,양선지해장국
255,잠실소고기맛집
256,양평동또순이네
257,찹쌀_새알_옹심이
258,임세권셰프
259,떡갈비정식
260,양반댁
261,장꼬방김치찌개
262,홍은동카페
263,중구회전초밥
264,잡채밥
265,콩나물국밥
266,자연산전복회
267,한강노을맛집
268,혼밥
269,보쌈정식
270,미코노스
271,건강한여행
272,베이커리
273,멸치국수
274,잠실새내역맛집
275,나홀로여행
276,여수식_장어탕
277,제빵소
278,건대딤섬맛집
279,꽃등심_코스요리
280,민물장어_구이
281,한근_바지락_칼국수
282,랍스터
283,성동구맛집
284,홍차
285,만세
286,한정식_메뉴데이트_맛집
287,더덕무침정식
288,이화여고100주년기념관
289,이색데이트
290,건강식맛집
291,방산종합시장
292,와규꽃살
293,훠궈맛집
294,반려견카페
295,갤러리카페
296,막걸리
297,강남마라탕맛집
298,아델라베일리
299,그림그리기체험
300,낙지꾸리
301,금천춘천옥
302,성내동맛집
303,순대곱창
304,교자상
305,한우갈비본살
306,복어맛집
307,송파구카페
308,부암동전망좋은식당
309,파전
310,서울핫플
311,동대문간장게장
312,도토리묵무침
313,한남동맛집
314,강남레스토랑
315,분식맛집
316,단미그린비
317,문화공간
318,한우안창살
319,제주미니족발
320,향토음식
321,송파맛집
322,대학로자장면
323,스테이크맛집
324,상견례식당
325,쭈꾸미볶음
326,한우_스키야키_정식
327,성북동맛집
328,북경오리
329,양꼬치
330,카이막
331,세상의모든아침
332,전복초수라
333,이베리코_스테이크
334,키누카누
335,딜케이크
336,신선한
337,왕돈까스
338,잠실고기맛집
339,삼선짜장
340,삿뽀로목동점
341,석촌호수맛집
342,부일갈비
343,안심돈까스
344,서초 찌개
345,코다리조림
346,서울여행
347,아테네
348,피자
349,고등어조림
350,신촌닭맛집
351,불고기백반
352,63빌딩
353,디저트카페
354,생꽃새우
355,청계천
356,분위기_좋은정성가득
357,봉피양평양냉면
358,폭포뷰
359,사진찍기
360,두부요리전문점
361,클래식_버거
362,소롱포
363,족발골목
364,은평구맛집
365,서초구
366,기념일레스토랑
367,실내여행지
368,울프강_샐러드
369,물냉면
370,낙원
371,육회
372,성북동찻집
373,생선회
374,육칼
375,전
376,와인
377,중화요리
378,방이역맛집
379,화과자
380,초밥맛집
381,참알탕
382,퓨전한정식
383,옛날빵
384,보리굴비정식
385,과천산
386,마르게리따_피자
387,복탕
388,무더운여름
389,강동구추어탕
390,원조닭갈비
391,두부요리
392,산채비빔밥
393,우이동릴렉스
394,양반정식
395,새우볶음밥
396,케이크
397,63빌딩파빌리온
398,오징어쌈밥
399,송파구
400,더덕구이
401,냉콩국수
402,육개장
403,전통시장투어
404,자장면
405,종로맛집
406,파빌리온
407,더덕구이정식
408,해담채
409,신림동순대타운
410,한우심_스테이크
411,자연산활어회
412,서울골목맛집
413,서울카페
414,그린_카푸치노
415,한식전문점
416,순댓국맛집
417,낙지초무침
418,해물뚝배기
419,국시
420,흑임자
421,체인점
422,인크카페가산점
423,이마트24동작노을카페
424,황제누룽지탕
425,홍제천
426,순두부_정식
427,퐁듀코스
428,뷰맛집
429,샤브샤브
430,이색체험
431,방화동김가네설렁탕
432,송파순대국
433,치킨치즈롤까스
434,먹자골목
435,해품장팔팔장어
436,시저샐러드
437,떡갈비와_식사
438,삼성동맛집
439,김치찌개
440,건강한힐링여행
441,삼청동맛집
442,고향풍천장어
443,영양닭국수
444,건대입구맛집
445,바다장어_구이
446,쌍리단길맛집
447,수제비맛집
448,연인과함께
449,강남평양냉면
450,맛있는녀석들시청자추천맛집
451,런치메뉴
452,MZ세대
453,감자탕맛집
454,면보샤
455,장어맛집
456,동적불고기깡통구이쌍문본점
457,재래시장
458,매운새우돈육말이
459,궁나라냉면묵밥
460,복지리
461,평양냉면
462,이태원맛집
463,역사속으로
464,이베리코육전
465,메밀묵밥
466,복합문화공간
467,북촌정식
468,닭볶음탕
469,7곡연잎밥
470,군만두
471,진주비빔밥
472,한강뷰레스토랑
473,소머리탕
474,보쌈김치
475,삼성동해장국
476,탄두리난
477,강서구카페
478,해물고추짬뽕
479,한우갈빗살
480,힐링여행
481,자곡동한정식
482,전골국수
483,소소한풍경
484,산낙지
485,간장게장_특선
486,두부한정식
487,뽀삐아_쁘라짠
488,쭈꾸미킹2.0
489,동작대교카페
490,조개탕
491,문배동
492,혼밥하기좋은
493,구절편요리담백한_맛
494,전통다원
495,족발거리
496,샤부샤부
497,한강
498,마복림떡볶이
499,부추전전망_좋은
500,휴식하기
501,성북수연산방
502,회
503,생선까스
504,와규생갈비
505,십전대보탕
506,티
507,이국적인
508,돼지불백
509,홍어회
510,곰바위
511,순대국
512,로씨니
513,고등어구이
514,삼청동
515,즉석떡볶이
516,퐁듀
517,세종한우
518,대창
519,생선초밥
520,계란찜
521,친황경
522,3D영상
523,마포족발골목
524,역사이야기
525,중랑구 쭈꾸미킹2.0
526,미식클럽양무침
527,간장게장정식
528,한정식
529,육개장맛집
530,친황경여행
531,중국요리
532,모닥불캠프
533,광화문일식당
534,부모님과함께
535,누룽지_정식
536,돈가스맛집
537,대구내장탕
538,페르시안케밥
539,닭한마리맛집
540,타볼로24
541,동해도
542,사진찍기좋은곳
543,충무로맛집
544,도시락정식
545,찜닭
546,서초하이디라오
547,굴짬뽕
548,양장피
549,영양닭곰탕
550,소양념갈비
551,산책하기좋은곳
552,1940금문
553,양념뼈구이
554,왕족발
555,꼼떼바베큐둔촌본점
556,한우
557,대구탕
558,한우설화살
559,공릉장어맛집
560,데이트장소추천
561,돼지두부찌개
562,강남맛집
563,홍합밥정식
564,건강식
565,소곱창
566,마포구카페
567,서울한정식
568,건강음식
569,옥류헌릴렉스
570,상봉동맛집
571,고기맛집
572,63빌딩다이닝
573,오리백숙
574,육류
575,맛집여행
576,오리요리전문점
577,치킨탄두리마샬라
578,여름감성
579,버섯치즈롤까스
580,어묵
581,저녁
582,펜트하우스촬영장소
583,사찰요리
584,제육담백한_맛
585,전복능이삼계탕
586,진미옥
587,힐링공간
588,청담동브런치
589,고기국수
590,이색레스토랑
591,간짜장
592,롯데서울타워
593,쟁반만두
594,삼계탕
595,꽃게조림
596,난자완스
597,닭고기류
598,전주유할머니비빔밥
599,카페라떼_커피_및_음료
600,종로강남한의원
601,갈비구이
602,김가네설렁탕
603,대나무쌈밥
604,코스요리
605,전주비빔밥
606,시장맛집
607,간장게장
608,LA갈비
609,복합문화시설
610,앙버터
611,생등심
612,만석장
613,전주베테랑칼국수
614,중구
615,전복오골계탕담백한_맛
616,계곡
617,보쌈
618,알리오올리로
619,음식거리
620,굴소면
621,커플데이트
622,생갈비
623,체험
624,동파육
625,키츠네
626,독특한메뉴
627,진어만찬
628,을지로
629,해물전문점
630,금용문전가복
631,디너메뉴
632,전채요리
633,프랑스음식
634,봉피양본점
635,안심스테이크
636,분위기_좋은가족식사_추천
637,떡국
638,신천해주냉면
639,어란_오일_파스타
640,도읍지
641,방이동소고기
642,서울청계산
643,초록뜰
644,가오리찜
645,광진구
646,슈치쿠_정식요리
647,중식코스요리
648,뚝섬맛집
649,더덕매운갈비찜정식
650,북카페
651,이색카페
652,판메밀
653,오리맛집
654,메종한남
655,팥칼국수
656,문냉면
657,쌍문동맛집
658,족발맛집
659,뚝다리김치찌개
660,진관동맛집
661,수도권
662,간제미요리
663,둔촌동추어탕
664,수요미식회식당
665,복샤브
666,가성비맛집
667,업진살
668,생꽃등심
669,브런치맛집
670,한식백반
671,커피
672,노원맛집
673,전맛집
674,진주음식
675,껍데기
676,가족여행
677,당고개엄마손칼국수
678,통추어탕
679,도토리임자탕
680,탕수육
681,오리전복옻백숙
682,가을보양식
683,성북동국수
684,뷔페
685,프라임_립_강남_컷
686,장어구이
687,여름피서지
688,수요미식회육개장
689,냉삼
690,그리스음식
691,산들애건강밥상
692,갈비탕
693,고르곤졸라_피자
694,성수맛집
695,북촌칼국수
696,한우구이
697,비주얼맛집
698,송추가마골은평1호점
699,신길동홍어거리
700,곱창전골
701,닭볶음탕_중
702,송파해장국
703,문화예술
704,광장시장맛집
705,카놀리
706,도토리묵밥
707,치즈바게트_그라탕
708,식혜
709,파전가성비_갑
710,노원황제누룽지탕
711,삼청동수제비
712,멕시코요리
713,레스토랑
714,모닥불
715,서초 장꼬방김치찌개
716,가정식_백반
717,해물요리
718,떡볶이
719,정동이화여고기념관
720,신림동민속순대타운
721,단체모임추천
722,점심
723,테르트르카페
724,명품_한우_생갈비
725,한양족발
726,미세먼지_피하는_실내여행
727,북악정
728,자하손만두
729,와규
730,돼지갈비
731,소머리국밥
732,멸치육수
733,부암동맛집
734,티룸
735,도토리전
736,폭포
737,폭포카페
738,마포구가볼만한곳
739,키요마사
740,코다리시레기+솥밥
741,신당동맛집
742,석파
743,라이더성지
744,사시미
745,삼대할먼네
746,장어덮밥
747,한우특선_양념_대갈비
748,비빔쫄면
749,정미소
750,서울전망대카페
751,일식
752,역사속
753,양갈비_석쇠구이
754,금돼지식당
755,수요미식회평양냉면
756,한식마을
757,감성카페
758,돈암갈비맛집
759,로제쉬림프파스타
760,백순대
761,명동맛집
762,일식당
763,두부두루치기
764,봉피양방이점
765,회전초밥뷔페
766,한식코스요리
767,길음역맛집
768,서당골정식
769,사진촬영명소
770,인사동가볼만한곳
771,비건음식
772,동작구
773,맛집거리
774,또순이네
775,버섯전골
776,연포탕
777,불낙전골
778,된장찌개
779,한강뷰식당
780,토속촌삼계탕
781,진주회관
782,대패쌈밥정식
783,강동구
784,여의도맛집
785,들깨메밀수제비
786,터치더스카이
787,관악산
788,닭도리탕
789,홍어삼합
790,서빙고맛집
791,한남동데이트
792,김밥
793,슈페너
794,휴식공간
795,북한산
796,햄찜
797,백마김씨네 도곡본점
798,책
799,순대볶음
800,인도음식
801,만두전골
802,서울스테이크맛집
803,홈메이드바비큐
804,역사문화재
805,백년가게
806,알리오_올리오
807,힐링숲카페
808,소왕갈비
809,금문
810,무교동육개장
811,갈비살
812,차돌박이
813,보양식
814,전통시장
815,명동베테랑칼국수
816,한우꽃등심
817,성북동
818,서울미래유산
819,비빔막국수
820,건강한음식
821,서래본가
822,팟타이가이
823,물막국수담백한_맛
824,RSG
825,백제추어탕
826,주물럭맛집
827,쏨땀_가이양
828,전망_좋은
829,서울
830,고구마치즈돈까스
831,홍어맛집
832,강남해장국
833,만두
834,솔정식
835,카페폭포
836,베트남요리
837,관악구
838,추어군만두
839,골목여행
840,한식맛집
841,선셋맛집
842,터키베이커리
843,크레타
844,국수
845,송파구베이커리카페추천
846,쭈꾸미피자
847,핫플
848,꽃살
849,연중무휴
850,북어해장국
851,돼지고기
852,건강한요리
853,서울야경명소
854,고래고기
855,다래함박스테이크
856,강남수제샌드위치
857,산삼청각
858,더덕요리
859,소갈비구이수라
860,미슐랭
861,삼합
862,이색디저트
863,청와옥올림픽공원점
864,케밥
865,동작구맛집
866,종각샤오바오
867,아메리카노
868,동경
869,뮤직카페
870,골목식당
871,궁중떡볶이
872,아야진생태찌개
873,샤브샤브맛집
874,바질_라멘
875,함박스테이크
876,에스프레소
877,골목길여행
878,통닭카레정식
879,수유리기사식당
880,열무국수
881,불뚝배기
882,힐링
883,고려삼계탕
884,둔촌동맛집
885,진어별만찬
886,찐만두
887,옛날빵집
888,해물뼈찜
889,복불고기
890,서울 중구
891,소막창
892,해산물
893,방화동맛집
894,순대안주가성비_갑담백한_맛
895,간장게장과_식사
896,생선회와_스시_오마카세_코스
897,정3품
898,고기완자언론소개_맛집
899,만남의광장
900,옛날맛
901,만둣국담백한_맛
902,노천파전
903,특별한날
904,살치살
905,외국식
906,평양냉면맛집
907,숯불갈비
908,이탈리안레스토랑
909,백제삼계탕
910,오향족발
911,가족모임식당
912,백제추어탕본점
913,이탈리아디저트
914,산들애건강밥상맛집
915,부암동한정식
916,서울_여행지_추천
917,갈비찜
918,감나무집기사식당
919,수요미식회냉면
920,육우
921,강남구
922,한식당
923,편수
924,아포카토_알카페
925,신선로파스타
926,칼국수
927,한상차림
928,내장탕
929,플랜테리어카페
930,전복죽
931,남산
932,육회비빔밥
933,숯불양념갈비
934,아귀수육
935,도일처
936,초밥&참치_전문점
937,방송맛집
938,정식요리
939,당고개역칼국수
940,태평한정식고
941,평안도
942,생강차
943,종로구
944,프라임뉴욕스테이크
945,베이글맛집
946,뉴욕뉴욕
947,양념소갈비
948,영등포구
949,서일순대국
950,수제비
951,김치말이_국수
952,대방천사거리순댓국밥
953,주은감자탕
954,생선구이
955,강강술래신림동
956,복고풍
957,터키디저트
958,여름철
959,서울갈비맛집
960,유자차
961,북촌맛집
962,가족외식추천
963,디조피자
964,난
965,삼겹쌈밥
966,간장새우
967,건강여행
968,서초구맛집
969,육계장
970,100주년기념관
971,초밥뷔페
972,스미스가좋아하는한옥
973,제육볶음_백반
974,미쉐린가이드
975,초계탕
976,송파가족모임식당
977,립
978,골목투어
979,63빌딩중식당
980,브리또
981,갈비명가이상돈암본관
982,봉은사역맛집
983,북한산온천비젠
984,한우석쇠불고기
985,우이동계곡카페
986,버섯_크림_리조또
987,RSG성수
988,매운냉면
989,숯불구이
990,해주냉면
991,치즈닭갈비
992,부산복집
993,대도식당
994,송파돼지갈비
995,한정식맛집
996,김치만두전골
997,계곡카페
998,아이와함께
999,북경오리_한마리_및_코스요리
1000,대방동순댓국
1001,추어탕맛집
1002,양식_코스요리
1003,뉴트로카페
1004,서울중구맛집
1005,명동카페
1006,동적불고기
1007,한우모듬
1008,유기농아이스크림
1009,이색보양식
1010,비프칠리드라이
1011,가산디지털단지맛집
1012,역사공부
1013,만두국
1014,마파두부밥
1015,인크커피
1016,우이동맛집
1017,성동구
1018,한남동가볼만한곳
1019,파스타
1020,보리굴비
1021,낙지볶음
1022,서울원조아구찜
1023,삼겹살가마구이
1024,독서
1025,전시관
1026,역사유적지
1027,음식
1028,오징어불고기
1029,노랑저고리
1030,오골계탕
1031,노량진맛집
1032,해삼·전복류
1033,영등포가볼만한곳
1034,선지국밥
1035,만둣국
1036,꽁치구이
1037,수라상
1038,북악산레스토링
1039,퓨전요리
1040,소주한잔
1041,비빔국수
1042,분위기좋은
1043,방이동카페
1044,가성비식당
1045,금왕정식
1046,치맛살
1047,루프탑전망좋은카페
1048,봉골레
1049,소갈비찜수라
1050,삼청동밥집
1051,영등포맛집
1052,보쌈맛집
1053,안심
1054,장미삼계탕
1055,서울야경
1056,필동맛집
1057,회맛집
1058,압구정로데오거리역맛집
1059,신림동맛집
1060,빵
1061,추탕
1062,취미
1063,석화
1064,전민규의황제누룽지탕
1065,뽈떼기찜
1066,갈치구이
1067,인사동맛집
1068,닭칼국수
1069,야채순대
1070,영등포코끼리베이글
1071,부암동소소한풍경
1072,천호김치찌개전문점
1073,사진뷰카페
1074,중식당
1075,옛날불고기
1076,눈물떡볶이
1077,강남한우맛집
1078,부손
1079,아귀탕
1080,을지로맛집
1081,우이천
1082,신촌맛집
1083,이화여고기념관
1084,찹쌀탕수육
1085,영등포홍어거리
1086,24시간음식점
1087,세종문화회관맛집
1088,더플레이스다이닝
1089,불낙
1090,국립민속박물관맛집
1091,장안동간장게장
1092,막창
1093,서울라이더성지
1094,한방족발
1095,샐러드_돈까스_비빔밥
1096,짜장면
1097,낙지전문점
1098,서울감자탕맛집
1099,경치좋은곳
1100,한우특수부위
1101,종로구맛집
1102,제육쌈밥
1103,메밀전
1104,도봉구맛집
1105,강동구김치찌개전문점
1106,민물장어
1107,홍제천폭포
1108,묵밥
1109,프라임_립_캘리포니아
1110,성게알_로제파스타
1111,마포구맛집
1112,아이유푸드
1113,티카페
1114,라이더카페
1115,가락동돼지갈비
1116,한우꽃살치
1117,전통차
1118,육회가성비_갑
1119,K-POP
1120,방이샤브맛집
1121,서대문공연장
1122,닭한마리
1123,육전
1124,역사를품은곳
1125,꽃갈비살
1126,대림상가빠카페
1127,기사식당
1128,섞어찌개
1129,방산시장
1130,송추가마
1131,까놀리
1132,관악구만남의광장
1133,서울중구
1134,강남삼원가든
1135,모둠구이
1136,주물럭등심
1137,부민옥
1138,디저트맛집
1139,장안동먹깨비
1140,서울칼국수맛집
1141,분위기_좋은
1142,디저트류
1143,코다리구이
1144,트러플_에그
1145,쭈꾸미맛집
1146,서초맛집
1147,아승지_정식
1148,맛집
1149,떡집
1150,한우한마리
1151,감자탕
1152,낙지닭갈비
1153,뭉티기
1154,고수케이크
1155,잠실맛집
1156,기스면
1157,돼지불고기
1158,TV방영맛집
1159,샥스핀류
1160,한우스테이크
1161,이탈리아요리
1162,한우막창
1163,식물학과
1164,용산구
1165,런던베이글뮤지엄
1166,생삼겹살
1167,매운닭발
1168,이탈리안
1169,순댓국가성비_갑
1170,누룽지백숙
1171,음식점
1172,비비브라운
1173,손만둣국
1174,청량리맛집
1175,이색맛집
1176,산채정식
1177,빈대떡
1178,익선동맛집
1179,두가헌
1180,별마루한강라운지
1181,방학동맛집
1182,해물찜맛집
1183,특양구이
1184,대게정식
1185,뷔페식
1186,친환경_농산물
1187,켄싱턴호텔
1188,스콘
1189,청포도리코타샐러드
1190,한치회무침
1191,은평구
1192,구로구
1193,프라임_립_로리_컷
1194,왕돈가스
1195,성북구
1196,서래마을갈비
1197,공릉동맛집
1198,국코스가성비_갑
1199,생강대추차
1200,키미아트카페
1201,삼전동감자탕
1202,어향가지_새우찜
1203,한우맛집
1204,냉채류
1205,평양만두
1206,사진촬영
1207,발산역스시
1208,추어정식
1209,꽃초밥
1210,아승지정식
1211,메밀막국수
1212,얌운센
1213,이촌맛집
1214,에피타이저
1215,강서구
1216,한우소고기보신탕
1217,서울해물찜
1218,인스타_핫플레이스
1219,이탈리아음식
1220,진찬
1221,짬뽕
1222,종로카페
1223,장어주물럭
1224,곱창전골정식
1225,한정식코스
1226,사천탕면
1227,북악산아델라베일리
1228,풍천장어
1229,들깨칼국수
1230,수빈정식
1231,돼지갈비백반
1232,회양념
1233,한옥식당
1234,언론소개_맛집
1235,왕만두
1236,한옥
1237,인공폭포
1238,BK볏짚 우대갈비 장안동본점
1239,진관동갈비집
1240,팥죽
1241,해물떡볶이
1242,청송면옥
1243,머리고기
1244,떡갈비
1245,인도요리
1246,김치찌개맛집
1247,북어해장국가성비_갑
1248,웨스틴조선호텔
1249,동대문
1250,전국맛집
1251,쌍문맛집
1252,감자부침담백한_맛
1253,수요미식회순댓국
1254,부귀한정식
1255,안심_스테이크
1256,서울특별시
1257,영등포
1258,모둠초밥
1259,신촌형제갈비
1260,청담동수제샌드위치
1261,복_맑은탕
1262,매운갈비찜
1263,서울뷰맛집
1264,궁중수라
1265,가족식사_추천정성가득
1266,영등포또순이네
1267,생태탕맛집
1268,토마토쯔께모노
1269,냉면맛집
1270,볶음밥
1271,소고기자장면
1272,맛집골목
1273,핸드드립커피
1274,중식요리
1275,동대문뷔페
1276,진지상
1277,성북동이태준가옥
1278,우대본갈비
1279,뽈떼기탕
1280,서울홍어회
1281,꽃등심
1282,라이스데이트_맛집
1283,차맛집
1284,코리아하우스
1285,홍합비빔밥
1286,종합예술
1287,이태리레스토랑
1288,니와
1289,테르트르
1290,서울우묵배미
1291,해물전
1292,호텔분위기식당
1293,중식
1294,탕수우럭
1295,삼겹살_피자
1296,노포맛집
1297,샐러드
1298,오리고기
1299,양
1300,북악스카이웨이레스토랑
1301,한방차
1302,서울딤섬맛집
1303,향토음식점
1304,닭요리
1305,얌꿍
1306,꼬리곰탕
1307,불고기
1308,낙원아구찜
1309,청담동24시카페
1310,바비큐
1311,한우등심
1312,삿뽀로
1313,웨딩맛집
1314,찻집
1315,수타짜장면
1316,창신동뷰카페
1317,우스마니아
1318,심돈까스
1319,음악카페
1320,과일소매
1321,서울대공원
1322,진수
1323,장아찌_보쌈과_식사
1324,한우부채살
1325,추어탕
1326,논현동한우
1327,복_수육담백한_맛
1328,뉴트로_감성여행
1329,청담동카페
1330,해장국
1331,종가집
1332,마포소문난원조족발
1333,휴식하기좋은곳
1334,가족식사_추천
1335,북악정이동갈비
1336,초당옥수수빙수
1337,경주갈비살
1338,아구찜
1339,점심특선
1340,쟁반막국수
1341,낙지데침
1342,우정을위하여
1343,회전초밥
1344,동작노을카페
1345,맛있는녀석들감자탕
1346,수정과
1347,소내장무침
1348,옛스러운분위기
1349,도가니탕
1350,야끼교자
1351,장어탕
1352,서울3대족발
1353,K-POP체험
1354,맑은뚝배기
1355,초록육개장
1356,이색체험여행
1357,이북식_왕만두국
1358,꿍_팟퐁커리
1359,채그로
1360,이북음식
1361,종각우육면맛집
1362,도가니수육
1363,홍합밥
1364,청룡산
1365,카페
1366,2023_설날_디저트맛집
1367,돼지낙지전골
1368,복수육
1369,계절_생선_냄비_정식
1370,친환경축산물판매점
1371,들깨칼국수&수제비
1372,뼈해장국
1373,한우차돌박이
1374,보리밥
1375,한우생갈비
1376,볼로네제_라자냐
1377,청국장
1378,청담동맛집
1379,해물찜
1380,우대갈비맛집
1381,사골갈비탕
1382,도봉맛집
1383,왕갈비탕
1384,맛집제보
1385,복날음식
1386,낙지거리
1387,미쉐린가이드맛집
1388,시장족발골목
1389,푸팟퐁커리
1390,성북동돼지갈비집
1391,중앙해장
1392,뉘조
1393,양무침맛집
1394,묵사발
1395,샥스핀
1396,일식맛집
1397,닭한마리골목
1398,떡만두국
1399,곱창볶음
1400,친환경정육점
1401,한우살치살
1402,낙지파전
1403,몽중헌청담점
1404,용산맛집
1405,친니
1406,카페라떼
1407,육사시미
1408,북어구이
1409,에그타르트
1410,하나로특정식
1411,해산물_정식
1412,순대
1413,미쉐린맛집
1414,해물누룽지
1415,조기구이_백반
1416,차돌쌈밥정식
1417,곱창
1418,송년모임
1419,묵은지김치찌개
1420,순댓국
1421,콩국수
1422,을지로노포맛집
1423,가디맛집
1424,도봉산
1425,옥수수빙수
1426,중랑구전통시장
1427,맛있는녀석들자장면
1428,힙지로
1429,피데
1430,신정동횟집
1431,금천구카페
1432,깡장비빔밥정식
1433,루프탑
1434,한남동
1435,숯불구이한정식
1436,새우튀김
1437,기사식당맛집
1438,위스키
1439,백반
1440,버섯전골정식가성비_갑
1441,한우주물럭
1442,한남동스테이크
1443,하나로한정식
1444,노량진수산시장
1445,마포구
1446,마복림
1447,타코야끼
1448,복불고기_복어요리담백한_맛
1449,스페인산_이베리코_하몽
1450,삿뽀로횟집
1451,매운탕
1452,전주곱돌비빔밥
1453,갈치조림
1454,우이동계곡미림산장
1455,북한산맛집
1456,어복쟁반
1457,블랙치킨샐러드
1458,재즈
1459,베테랑칼국수
1460,케르반터키쉬할랄레스토랑
1461,떡만둣국
1462,갯장어
1463,암소특양
1464,수타우육면
1465,스페셜등심
1466,복어요리
1467,술국
1468,한춘상일미간장게장
1469,역사탐험
1470,선물추천
1471,백반기행맛집
1472,디저트베이커리카페
1473,키누카누발산역
1474,강남한식당
1475,복어
1476,능이불고기와_식사
1477,광화문스시뷔페
1478,홍제천카페
1479,수연산방
1480,실내관광지
1481,여름
1482,장안동해물요리전문점
1483,태국음식
1484,연남동돼지불백
1485,복샤브샤브
1486,한국식디저트
1487,흑돼지삼겹살
1488,생갈비살
1489,고기만두
1490,맛집탐방
1491,오리주물럭
1492,식품의약품안전처_음식점위생등급_매우우수(2017년)
1493,레트로
1494,삼선짬뽕_각종_중화요리담백한_맛
1495,소갈비구이
1496,장금만찬
1497,실내데이트
1498,가성비_갑
1499,강남선지국
1500,함흥비빔냉면
1501,삼계탕맛집
1502,수육
1503,콩비지
1504,플랜테리어
1505,회냉면
1506,정식당
1507,명품기사식당뚝다리김치찌개
1508,랍스타_스파게티
1509,추어튀김_각
1510,벽제갈비
1511,장국밥가성비_갑
1512,아리차이코스
1513,서울삼겹살맛집
1514,중구중국음식맛집
1515,양념갈비
1516,칼국수맛집
1517,광화문역맛집
1518,갈비집
1519,메밀냉칼국수
1520,장안동맛집
1521,전망좋은레스토랑
1522,봉피양
1523,소문난성수감자탕
1524,팥빙수
1525,강강술래
1526,우정
1527,압구정디저트맛집
1528,담백한_맛
1529,한우모듬생고기
1530,서울3대베이글
1531,어탕수
1532,서울시청역맛집
1533,능이전복오리백숙
1534,정성가득
1535,핸드드립
1536,데이트코스
1537,영양돌솥밥
1538,서초훠궈
1539,친구와함께
1540,유럽풍
1541,방이샤브샤브칼국수방이본점
1542,접시만두
1543,도미머리정식
1544,화로구이
1545,날치알치즈롤까스
1546,비발디
1547,신림역맛집
1548,이태준가옥
1549,플라카
1550,서울권
1551,회막국수
1552,연밥정식
1553,딤섬류
1554,광장시장
1555,연남동백반
1556,복찜
1557,모듬바베큐
1558,철판낙지볶음
1559,이색거리
1560,태국음식점
1561,서래마을고깃집
1562,달개비
1563,쟁반국수
1564,체험활동
1565,손만두
1566,강동구맛집
1567,명태식혜비빔막국수
1568,사찰음식
1569,굴비정식
1570,우이동카페
1571,단호박_라비올리
1572,차슈동
1573,파인다이닝
1574,송파횡성한우
1575,왕만두국
1576,초밥
1577,감성사진
1578,메밀국수
1579,쌍화차
1580,미꾸라지부침
1581,골목길
1582,김가네도가니탕
1583,덮밥
1584,LP카페
1585,홍능갈비집본점
1586,쫀득_가리비회
1587,레이지파머스
1588,메밀부침&전병
1589,둘레길
1590,미쉐린가이드냉면
1591,강남한정식
1592,서울혼밥맛집
1593,순대곱창볶음
1594,서울한식당
1595,SNS감성핫플레이스
1596,시청맛집
1597,방학동쌈밥
1598,서울분위기좋은맛집
1599,힐링&휴양여행
1600,신림동백순대
1601,한우모둠
1602,한남동카페
1603,슈치쿠_코스요리
1604,루프탑카페
1605,송화산시도삭면
1606,부대찌개
1607,3D맵핑
1608,여의도뷰맛집
1609,양평동베이글맛집
1610,편육
1611,홍차맛집
1612,매콤한_닭_그릴
1613,샌드위치
1614,일미간장게장
1615,방이동순대국
1616,여름나들이
1617,이색음식
1618,해산물요리
1619,돈까스잔치동빙고점
1620,메밀수제비
1621,사골국물
1622,녹두부침
1623,강남데이트
1624,뉴트로감성
1625,헛제사밥
1626,세종한우정육점식당
1627,서울데이트코스
1628,메밀비빔국수
1629,산나물
1630,서울계곡산장
1631,회덮밥
1632,개성보쌈
1633,잠실냉면
1634,서울맛집추천
1635,서울루프탑카페
1636,우럭튀김
1637,함박스테이크맛집
1638,베테랑칼국수롯데백화점
1639,중식맛집
1640,낙지전골
1641,늘푸른목장잠실본점
1642,민물장어덮밥
1643,한우등심스테이크
1644,홍능갈비집
1645,소금구이
1646,여의도브런치
1647,곰국시
1648,해물파전
1649,브런치
1650,양념갈비_정식
1651,광진구맛집
1652,일본우동
1653,방이동횡성한우
1654,모듬전
1655,사다난
1656,노원구장어
1657,하계동맛집
1658,칵테일
1659,수요미식회제육
1660,두부·야채류
1661,메종드라카테고리
1662,오늘손칼국수&찜강동본점
1663,알페도
1664,쇼핑
1665,사시미코스
1666,더덕맛집
1667,방이동맛집
1668,된장비빔밥
1669,아귀찜
1670,동그랑땡
1671,JW메리어트동대문뷔페
1672,안심_팬스테이크
1673,냉면
1674,황금정원
1675,종로뷔페
1676,서울가볼만한곳
1677,성북구맛집
1678,돌솥비빔밥
1679,전통음식
1680,부암동카페
1681,문화재
1682,프라이홀
1683,와규부채살
1684,평양물냉면
1685,스시
1686,역사탐방
1687,스몰웨딩
1688,밥·면류
1689,타코
1690,양식
1691,미쉐린가이드갈비
1692,한우육회
1693,버섯추어탕
1694,미가할매집
1695,텃만꿍
1696,동대문구
1697,사골칼국수
1698,궁중요리
1699,서울시청맛집
1700,형제갈비
1701,돼지왕갈비
1702,부대전골
1703,해산물_플레이트
1704,산삼오골계탕
1705,라자냐
1706,토속촌_오골계_삼계탕
1707,청담골
1708,테라스브런치식당
1709,몽골리안비프데이트_맛집
1710,도봉구
1711,성북동집
1712,꽃갈빗살
1713,한정식코스요리
1714,탕수육_각종_중화요리
1715,카레라이스
1716,연남동24시간집밥
1717,중구맛집
1718,서양식
1719,치즈떡볶이
1720,여름휴가지
1721,하우스웨딩장소
1722,백마김씨네
1723,연말모임
1724,양식코스
1725,관악산만남의광장
