Attraction,Image Link
채그로,https://modo-phinf.pstatic.net/20220808_69/1659931089730OV9oT_JPEG/mosaVi32U7.jpeg
소소한 풍경,https://tong.visitkorea.or.kr/cms/resource/50/1922450_image2_1.jpg
마복림할머니집,https://ldb-phinf.pstatic.net/20231225_212/1703468172520VQMek_JPEG/KakaoTalk_20231225_103343760.jpg
뮤직컴플렉스 서울,https://ldb-phinf.pstatic.net/20220629_36/1656480012677mq1Gl_JPEG/KakaoTalk_20220628_015839552_19.jpg
또순이네집,https://search.pstatic.net/common/?autoRotate=true&type=w560_sharpen&src=https%3A%2F%2Fpup-review-phinf.pstatic.net%2FMjAyMzAzMjZfOTkg%2FMDAxNjc5Nzk2MDcwNDIz.fNRbkusPo52RQuZOjVIMhAf4touuDcma2EtHpsMaCnog.UOTiJdc3Ancx5lsXlQ0rSXNJSCWVcC-syC5lmfThUZcg.JPEG%2F96DE82CF-5CF8-4CCF-85F1-04A1B7774BFC.jpeg
우묵배미,https://cdn.visitkorea.or.kr/img/call?cmd=VIEW&id=9bac192f-f244-46c1-8f9d-9242cce4d6ac
토속촌삼계탕,http://cfile220.uf.daum.net/image/2744804A53CD344E1AF2FE
석파랑,https://mediahub.seoul.go.kr/uploads/mediahub/2021/02/aa7f3d1bf4a6480a9a0b3598a7a05baa.jpg
선천집,http://post.phinf.naver.net/MjAxODExMDJfMTQw/MDAxNTQxMTM5NjExOTY1.IlGTUcWt103SZdIK_bJIQjnlQErE4Iy5V2-O-Os6CxEg.MKGadK0Z4_T3MTT4zMsZna9LwfkWvB-I7tGBRlYdn-8g.JPEG/IJdzPsYLGspJ5aTdWHVgvYRUkBYc.jpg
청수정,http://cfile205.uf.daum.net/image/257FAD355288513129C069
만석장,http://post.phinf.naver.net/MjAxNzA4MzFfMTAx/MDAxNTA0MTY4Mzg3MDAw.eXBpert2JzsjNjwi8Nh41MtIo2a-hYSx1YEwCwxDSFIg.edCX-uYH2zC5KTamuEieZPN3t_9j0MqmrT11Lne5kqog.JPEG/ItZVURXTRNGH0-xhfF7AcMp93Sko.jpg
선동보리밥,http://post.phinf.naver.net/MjAxOTA4MDFfNzAg/MDAxNTY0NjQzMTE3MjI2.hPxkTCPzhhCWDQ9yVIFixs7hkJxKMI2ZbGLZJsx4eQEg.OCCLAZ_cZ8LVO2Zhx8_rha8fXMFOgzu0sb9x7x_JjzEg.JPEG/IBt2dS_1KgC361ybJFejeKqfUfbo.jpg
대림창고,http://post.phinf.naver.net/MjAxNjEyMjhfMTgz/MDAxNDgyOTA0Nzk2NzIw.BHL3MI6jDkJnca0vsDAUpSiYdAJ3UhqAd5woQz510bIg.5T6Or6VZD8t0f3sAtn51IT3EpzQRZureg-r5jsQ4TWEg.PNG/IP2850ovZ7-lLRELWkeFMxZuHZYE.jpg
컨퍼런스하우스달개비 정동점,https://cdn.visitkorea.or.kr/img/call?cmd=VIEW&id=19e9027d-8753-48c8-95bf-0e5ff428caaa
겟댓샷(Get That Shot),http://post.phinf.naver.net/MjAyMTEyMDFfMTg1/MDAxNjM4MzQ2MzU2MDcx.Njhf0WPUxurMEpPiW5_rPOjDhplchKoBxKTjb8r5gB4g.KVXapeRbKVzAgP-nkMpHxc4Z17AitLtyXzMV1okob2sg.JPEG/IfqwkpkWY70D3rTE52BcjXtV7BYw.jpg
더 스팟 패뷸러스,https://pup-review-phinf.pstatic.net/MjAyMzAzMDNfMTA1/MDAxNjc3ODUwODMzOTI5.XAewhI8ddXDpIaWW9FmYGjzsFy4zoo10XfRAzS66Tpgg.YDBABpuUkZX0ylePzNJrvKkvePHBhhebOQ2YAH-Uf-Mg.JPEG/A260AEAF-3F17-4BD7-A054-D6AA625536BF.jpeg?type=w828_60_sharpen
진고개,https://ldb-phinf.pstatic.net/20151222_191/1450769234442yX3Ns_JPEG/167172565731897_12.jpg
우래옥,https://blog.kakaocdn.net/dn/bksHMp/btsHLqPZp7u/N3kJCLw8OWMdQcC2riK8u1/img.jpg
인왕산 더숲 초소책방,http://post.phinf.naver.net/MjAyMjA2MDdfMjU2/MDAxNjU0NTg4MzAwNzU2.9njVh68ss8JXZzdNpfTy_qZOqwgGYbDlTfp8JU56YFIg.r7DA_kGkpVYzP57s3TPHpw9o7uWoC9wP7yRJl1BrxbMg.PNG/ItH96eYPTCP3PNKrg-Yf1r4oFahI.jpg
삼거리먼지막순대국,http://post.phinf.naver.net/MjAxNzExMTNfMiAg/MDAxNTEwNTQ2NzA1OTMx.a1AIPYOlfjZGyWyHVfQ6nmXJU0QEp012vKbutux9u5kg.G_q3eKudBvHbad4g0nSfcyuOslYq_OLREAlSq1_EUF4g.JPEG/I-flDtUa01Zm10aZ8S3S_0SQW3SM.jpg
세종한우정육점식당  2호점,http://post.phinf.naver.net/MjAxNzA1MTJfMTQy/MDAxNDk0NTIzNDI5MjQ2.sMOCra-ADuZGtD6EHHyd75dlU_lX5CRfWJtTzYVnFxAg.17J9T57tKVT6yIAr8Qzty-sGiq3c0SAz7zyIKe64NwAg.JPEG/IJJtEkbA526jIZSwQj3_nfUzOPZc.jpg
삼청동수제비,https://blog.kakaocdn.net/dn/PZIUA/btrj6dzvo4w/Kc6abQpr2MoGBWXSzScby0/img.jpg
런던베이글뮤지엄,https://pup-review-phinf.pstatic.net/MjAyMzA0MDRfMyAg/MDAxNjgwNTYzMDI0MjA3.JZSLU6VFDgzmLwEaxyCdn-CLpTUwlARgH7P66OG1RMIg.xvJHo-gNeQwhHEpj4q1AyRPX8ODD8_46QzOqjnTvCfcg.JPEG/20230331_111749.jpg?type=w828_60_sharpen
삼원가든,https://cdn.visitkorea.or.kr/img/call?cmd=VIEW&id=e0c5b3c1-8ea2-4185-ba07-25a357062128
진주회관,https://pup-review-phinf.pstatic.net/MjAyMzA1MDJfMjE4/MDAxNjgzMDI0OTM3NzU1.FkNTeE6VSv7ptVGy6IskPnVfB7IdPyJA_hmLL3NUDe4g.Y2GPe1V_EyEAY7U-ilrnqYvoAo-iRMUQ5n1qg3CEn4og.JPEG/CDE7EA85-8799-4E7F-BEAE-D29AFF8CCB32.jpeg?type=w828_60_sharpen
샤오바오우육면 종로본점,https://ldb-phinf.pstatic.net/20231123_141/1700702525681eQind_JPEG/%BB%FE%BF%C0%B9%D9%BF%C0_%C1%BE%B7%CE_e.juboo6.jpg
수연산방,http://post.phinf.naver.net/MjAxODA0MjRfNjAg/MDAxNTI0NTcxOTg0MjY4.KRvUGGcVPA2Pe4aach-jg_MgrkY5J4DKvuyFb3ljcpEg.FPjOUDwISP6PYxYyNg-NdTrrIDEdSZd-V5DCqQTmRGMg.JPEG/IdzX1vB95FN8QxVUyzInD-Nvv1E0.jpg
필동면옥,https://cdn.visitkorea.or.kr/img/call?cmd=VIEW&id=101131d3-c5b5-4c9f-bc35-c20518bd88c2
도넛정수 창신,https://pup-review-phinf.pstatic.net/MjAyMzAyMjBfMjIy/MDAxNjc2ODU3OTQxODgx.cLifri_x7uAPFem7cc1TZW7LR6cj1VVf_uwlZttsk84g.39TPn5Mq2sErRIpOX_HT-5EtnS54LfGgzkYRCZq0Mu4g.JPEG/1676617503649-14.jpg?type=w828_60_sharpen
티테라피,https://cdn.visitkorea.or.kr/img/call?cmd=VIEW&id=09e345b0-c8b3-4253-ba11-ffbc4f48341e
진옥화할매원조닭한마리,http://post.phinf.naver.net/MjAxNzA1MjNfMjMz/MDAxNDk1NTMzNTM1ODU2.uFCoqvDJcROXl-q9gbdRra8A4rg4O75M0f68apW6qecg.zRXIsMqrhZyVpQDelEQEJ9HqLhWgc9yhew0uxhUq_XAg.JPEG/IeuiPhCImWwU8E9R15o00yJAfSOs.jpg
강서구 고성막국수,http://cfile212.uf.daum.net/image/227DF14656D55C9A291DD4
원조홍어 본점,https://ldb-phinf.pstatic.net/20190612_246/1560328723922FBAif_JPEG/J4vckpLVygNFYXuR0-jsGs9s.jpg
해방촌 혼고,https://ldb-phinf.pstatic.net/20210830_293/16302581158588JxzU_JPEG/NeeNRBhD9qA7L64HRsxS-5ok.jpeg.jpg
카페 할아버지공장,https://pup-review-phinf.pstatic.net/MjAyMzA0MDNfMjU0/MDAxNjgwNTMyMzAzNzIw.T8_1puJhOJiTd0hcCmd4VWXxlS2HrKJs1qQcVEHb3-Qg.eJfCL3Kxfd1S47811RPBufoslPhkScjtV6hPv5r8RKkg.JPEG/20230401_121651.jpg?type=w828_60_sharpen
울프강스테이크하우스,https://pup-review-phinf.pstatic.net/MjAyMzA0MzBfNDQg/MDAxNjgyODM3MzIzMTM3.X4gJU7j5LyKPJ8efIgtxhmWg4DIodAr2NWQqOPPgxz8g.JUvAE3GIvnwhPQ6YXw9AebBrIar4iqUuLGUMTf8ulMcg.JPEG/85ADC586-DF3B-4844-8F12-21EB6288196B.jpeg?type=w828_60_sharpen
남도분식 익선점,https://ldb-phinf.pstatic.net/20210630_156/1625025685412ELwVB_JPEG/gA_rbxl9lTCegIRqOPeidx3X.JPG.jpg
태극당,https://pup-review-phinf.pstatic.net/MjAyMzA1MjRfNzYg/MDAxNjg0OTM2OTYyNjU1.tkE5DYQOPBKAc7wicrA5eijQaOwIEdS3Sioc1NzDwlkg.ZOZCv8gs9fVVcE6sGH7-ucpH2oHmO16bhrnZKKZ_uFAg.JPEG/IMG_6664.jpeg?type=w828_60_sharpen
낙원떡집,https://museum.seoul.go.kr:8088/upload/ckeditor/2021/6/1/8e0f2b01-3cb8-4dec-af8c-92e036945610.jpg
두가헌 레스토랑,https://search.pstatic.net/common/?autoRotate=true&type=w560_sharpen&src=http%3A%2F%2Fblogfiles.naver.net%2FMjAyMzA2MjFfMjQ3%2FMDAxNjg3MzExNjI0MjE1.ZaVPMexI1q83KG26vT00MJZMcHd-xm_q1aQDE1XWAeAg.PKl5JwHYMnzfVuIQvu7p809am8nxJneMOCWgowZG8Gsg.JPEG.jrue614%2FIMG_1956.jpg
RSG 성수,https://ldb-phinf.pstatic.net/20211029_288/1635518408519aCTt6_JPEG/OHGcRrw12ZdsI1rDHfuJzsfO.jpeg.jpg
스미스가좋아하는한옥,http://post.phinf.naver.net/MjAxNzEwMTdfMTU1/MDAxNTA4MjIyMDg2MDAy.X9FFHzdFnGMmmH_uikKQDzdQuCfzvaErlDu5CqkkYUsg.wbQCpA-aoNxvjY0HdkXdEv_bkQGIxB4c3dkbsmDxMHog.JPEG/IhEP8HeADvUhSgRRdlBTUA3UIttE.jpg
뉘조,http://tong.visitkorea.or.kr/cms/resource/41/399141_image2_1.jpg
하나로회관,http://post.phinf.naver.net/MjAxNzA2MTlfMTkz/MDAxNDk3ODQ5MTg4Mzg0.5n6C2EZGMy43c5lFmfA1JEuyHhH3q_TXo5P-Yw448m4g.93Jy4F30GaQlIPLfW9DKJWtBXCgBCnv054Ov7Z2iMPIg.JPEG/IpSJIxZMOMdwXHJo3gdt7SZDHvhs.jpg
명동칼국수 본점,http://post.phinf.naver.net/MjAyMzA1MzBfNDcg/MDAxNjg1NDE5MDUxMDE3.Tbr9ULVcyv2laMdSfKlec1EnxmvlTaiN92fMkrv5doYg.qJtB9D6H95w7oWau5Jsf_9BIWbCJcxH73cpYBqbU6UAg.JPEG/Iq8UM-pH5v0IXLj5hLdlNMlpjDtc.jpg
소문난성수감자탕 별관,https://cdn.visitkorea.or.kr/img/call?cmd=VIEW&id=a6034680-a86c-4775-9784-2b528f63677d
진미옥설농탕,http://tong.visitkorea.or.kr/cms/resource/09/2616409_image2_1.JPG
꽃새우 영번지,http://cfile235.uf.daum.net/image/221E603455442C2C063B0A
해주냉면 본점,https://pup-review-phinf.pstatic.net/MjAyMzA2MDJfMTU5/MDAxNjg1Njg0MDg0NjA4.uL5hMa6N0yjnHQ0CnqdKT9-fNrz7IsMPIxTxK8-MYtwg.4hgiIBht9FXgt3QUp0xB3U-28dGejfRts5NN1OgvcfYg.JPEG/A43729AE-5A4A-48A3-9E51-C4655936F84F.jpeg?type=w828_60_sharpen
충무로부산복집,https://pup-review-phinf.pstatic.net/MjAyMjA3MTRfMjc5/MDAxNjU3NzczODgzOTU5.xOpAyi0RKkN0GUnn1Mi9KoFP8hR2qGkhUjhyBGq98Mgg.1-l4lq8FAA5N5xGHTXBrffBNOG1OUZ4B8BAsGh2PSjQg.JPEG/upload_239a07752f08ca81289330efc82515db.jpg?type=w828_60_sharpen
평창동북악정 신관,https://ldb-phinf.pstatic.net/20221017_34/1665996157895rHsh6_JPEG/KakaoTalk_20221017_172640192_01.jpg
계림식당,http://post.phinf.naver.net/MjAxODA1MThfMTc4/MDAxNTI2NjE4OTIyODEy.szDkNev36LBAQDihpCSACQxnhSvUsfPrrB3w38Uz2Aog.E0CKLAjDhN9y0unpOLCmNFOXX7hQuk14sLIpZmi6U0Mg.JPEG/IxaDnOCmY1kKJpehHmN13e3I2lF8.jpg
자하손만두,http://post.phinf.naver.net/MjAxNzEwMjRfMTcy/MDAxNTA4ODAzMzkzNDMz.f0CxYe5fsmTJ8afIvoslG3CHuhU0E8DqPhciFmx-cPgg.fm9mlh4U5uKM3WBdtCO3GqIlZXPE-29nkNhlKwqVljgg.JPEG/IQL9R8XKLfiJmsxlqy8BzBSU-pb0.jpg
키누카누,https://tong.visitkorea.or.kr/cms/resource/81/2861881_image2_1.JPG
황생가칼국수,http://post.phinf.naver.net/MjAxNzAyMjdfMTMw/MDAxNDg4MTU4MTUzNjA0.7WD46V7PDH3ZmebEPAX74fM3zs6Agz8PbAWBLS67pvcg.4KZeWaHLXzMSqPJ-JBMTGwOCKynDpoiSlJYy4IMw3iQg.JPEG/IJ4jwds3tXX_yxahGbwPhYp-xpYE.jpg
부민옥,https://cdn.visitkorea.or.kr/img/call?cmd=VIEW&id=cc8b8847-4801-4672-9714-7ec917b161d6
김가네가마솥설렁탕,https://search.pstatic.net/common/?src=https%3A%2F%2Fldb-phinf.pstatic.net%2F20150901_38%2F1441045929421NdwbT_JPEG%2F96978543471793_1.jpg
동작노을카페,http://tong.visitkorea.or.kr/cms/resource/14/2788114_image2_1.jpg
비언유주얼,https://cdn.visitkorea.or.kr/img/call?cmd=VIEW&id=02fd8f80-2173-412d-a32f-61cdc1a38065
청송옥,http://post.phinf.naver.net/MjAxOTAzMjdfMzEg/MDAxNTUzNjgyNjY4MDEw.9cwxkoVEvuWqIo42yy8C-rrj3nd0SfLGbgNXyGSA1dQg.iTyE_bBJEcXkTdkKerD5YBLpuKnZIEFJ7WZK0D9ZN1Qg.JPEG/IMqpbPggBV5RILk9fXtPL4A2NH5w.jpg
코코넛박스 카페,https://ldb-phinf.pstatic.net/20230217_164/1676600675658XFXSK_JPEG/275953303_3192191667671526_1672825508866576350_n.jpg
동방명주 충무로점,https://ldb-phinf.pstatic.net/20200430_151/1588222612714ND9xY_JPEG/vfj2fPWhF5OSxjOr7_7Ov7oh.JPG.jpg
소선재,http://tong.visitkorea.or.kr/cms/resource/06/399206_image2_1.jpg
쭈꾸미킹2.0 상봉점,https://ldb-phinf.pstatic.net/20170510_82/14943977055325rvR3_JPEG/186460555845144_2.jpeg
와이키키마켓,https://hangang.seoul.go.kr/www/file/down.do?fkey=01028cb57c326fec09997d3c5200abbd950abf0c5d671c983df5df81193c1d52430036ebc689d60ffe47cad55d9f01971ebbf415efe7c8b51dc7cca46c875984
강북구 서당골,https://tong.visitkorea.or.kr/cms/resource/25/399225_image2_1.jpg
켄싱턴호텔 여의도 뉴욕뉴욕,https://ldb-phinf.pstatic.net/20210701_60/1625133327509mQ17x_JPEG/%B4%BA%BF%E5%B4%BA%BF%E5_%C8%A61.jpg
남산골산채집,http://postfiles12.naver.net/20100615_123/happiend_1276612116370Xgk5I_jpg/%EC%82%B0_(18)_happiend.jpg?type=w2
중구 베테랑칼국수,http://post.phinf.naver.net/MjAyMDAzMDNfMTI1/MDAxNTgzMjI3MjY4MDg4.pUMC0D7lnCXemjEXYKpOyU2o5R-rjnBmXM2_Wlq9uukg.HIcpiAb9ya_zGwx_OzHcvhBeJtPgeTuiVTyU201JbCMg.JPEG/ILYv-zkSFAszQjWZ7sqEyYGVEnDs.jpg
꽃밥에피다,https://pup-review-phinf.pstatic.net/MjAyMzAyMTlfNTgg/MDAxNjc2Nzc4ODk3MDUz.QAS6wz8hRz_Hr6S58KG9ihfpNMjQ8G4R5uzwtnLJGXwg.TLB9mFmU2uFxKL3jd0BVS3iAQh_rw5-JNbHv17nqHgAg.JPEG/83F9D1FD-3A4B-4AE9-95A6-BCE77714651A.jpeg?type=w828_60_sharpen
패션5,https://ldb-phinf.pstatic.net/20230726_128/1690333486254gLwzs_JPEG/%BA%F1_%B8%B6%C0%CC_%B7%AF%BA%EA_550.jpg
페르시안궁전,https://search.pstatic.net/common/?autoRotate=true&type=w560_sharpen&src=https%3A%2F%2Fpup-review-phinf.pstatic.net%2FMjAyMzExMDRfMTU5%2FMDAxNjk5MDg5ODUzMDcy.R91oWZjZNPCjmJpAYweAYTF_A7-YPaWhnmAzA5IQyEcg.EavVjgxRgCTsCfNKnrgagcigfgTaZnIaqCw7sguYWpkg.JPEG%2F20231104_182143.jpg
강동 오늘손칼국수,http://tong.visitkorea.or.kr/cms/resource/06/2838306_image2_1.jpg
필경재,http://post.phinf.naver.net/MjAxODA1MDFfNjgg/MDAxNTI1MTA4MzEzNDgz._gwkpDZMkX9wp0MYY7y0LEevz8QvVggUwWb8qGrWc4wg.lHIIAMSKSy95sUnjiPvFuPW6XxLhIT0wlYSZE87dDH8g.JPEG/I96hQPOcYXrCG8_VLpNc6JOJ0uh0.jpg
송림식당,https://pup-review-phinf.pstatic.net/MjAyMzAzMjZfMjYw/MDAxNjc5ODI3ODQ3MDM1.Xrkz_MjdLYw_D3oy2sYllPihrUWiLjVqUorPcafkeSYg.e8nYyUHt4-6KuqkZwwPEqJ1Yx4uWFvnX4yR0HPc2q9cg.JPEG/19C7EFA3-98E2-4F61-82B5-77ED333C0AEC.jpeg?type=w828_60_sharpen
일일향 논현2호점,https://ldb-phinf.pstatic.net/20240305_34/1709602886823IgcX8_JPEG/KakaoTalk_20240304_135944056_17.jpg
서초동노랑저고리,https://pup-review-phinf.pstatic.net/MjAyMzA2MThfNzkg/MDAxNjg3MDE3NzUxMjU2.iFctTuYFbyvNY8YxMeKJxvedibvO1b_dHLA1RWA9Qvwg.s5EjwVeEh456fCuxjrYSSTZ3pIEycIYw2tg-wG2KJaMg.JPEG/20230617_140528.jpg?type=w828_60_sharpen
중구 송원,https://tong.visitkorea.or.kr/cms/resource/21/3094621_image2_1.JPG
신당동천팥죽,http://post.phinf.naver.net/MjAxNjExMTJfMjk4/MDAxNDc4OTUyNDY0ODA5.KeYlVaf8YXujXkcEvSs0u9Eo2zlEiWhoHEpAhgOYZC4g.7UfK5Y8e1bAT1WYTHwG9HnGzbTFGn98rO4XFk-y_hjwg.JPEG/IQk-7Z6z-Rr1WW_3mkK9W92M-tWc.jpg
동흥관,http://tong.visitkorea.or.kr/cms/resource/96/1872696_image2_1.jpg
강남구 카페엠,https://tong.visitkorea.or.kr/cms/resource/76/2826376_image2_1.jpg
송림가,http://post.phinf.naver.net/MjAyMjEyMDdfMTMw/MDAxNjcwNDA0NTk0OTI0.u6X5efezUQA-lW0Jxro7oboFqTjBig0LruKxUGII0Pwg.xP45vkqPIUuOfSuIdjCRwO-lGT_rq6is4IZ1A-DRV4wg.JPEG/IXf2tq20sODOsgb_HqhWybsLV2Yc.jpg
63뷔페 파빌리온,http://shop1.phinf.naver.net/20230317_156/1679018603637WrrOa_PNG/80154438413819021_1902171170.png
강강술래신림본동점,https://ldb-phinf.pstatic.net/20190421_291/15558467162794j9MK_JPEG/90QuOwEGHBgsA9yTk19WrdhB.jpg
송추가마골 은평1호점,https://tong.visitkorea.or.kr/cms/resource/21/2836121_image2_1.jpg
봉래헌(메이필드호텔),http://tong.visitkorea.or.kr/cms/resource/13/818013_image2_1.jpg
꾸에바마테라,http://post.phinf.naver.net/MjAyMjA5MjJfMTU1/MDAxNjYzODI2OTI5MjEy.bjA7VP0JAtFV19iLpbyI7faP3sWQnAlIrwfnl7Gr6Ngg.N9SMeyNgZNNRkKQQFm7iYx7VbvajkRm_r82drUGhEwIg.PNG/IGy2E08ej1gv177-AcaKIO0Jnd7o.jpg
고려삼계탕,https://search.pstatic.net/common/?src=https%3A%2F%2Fldb-phinf.pstatic.net%2F20221110_206%2F1668072279350GfghR_JPEG%2FDC449861-597D-49E9-A99D-AFCE4D46C606.jpeg
금천구춘천옥,https://ldb-phinf.pstatic.net/20210907_170/1630979925514x1aqG_JPEG/8didxNRkkxlYRdasLEjOLj99.jpg
인크커피 가산점,https://ldb-phinf.pstatic.net/20210909_101/1631169598725X85Q7_JPEG/ZDGlE2UOovqHGlpxf_DYw-M3.jpg
성북동누룽지백숙,https://tong.visitkorea.or.kr/cms/resource/70/2495170_image2_1.JPG
고래불,https://search.pstatic.net/common/?src=https%3A%2F%2Fldb-phinf.pstatic.net%2F20231101_202%2F1698824847036tLAM4_JPEG%2FIMG_9969.jpg
배정철어도,https://ldb-phinf.pstatic.net/20210205_13/1612488993356tTD7e_JPEG/qZuAa8MBLyMj6oUyHI-7Sd4v.jpg
아이러브신당동떡볶이,http://post.phinf.naver.net/MjAxNzA4MDNfMTIy/MDAxNTAxNzQxODc3MjE2.nmQ_w_ddUEdIk7oiOZ-lJQVwDJQoTMETCUhsUXzMdaIg.JplDGPOHICdi8nEyqgvxcbOkqlnuje8LS6vPv2ZDsXog.JPEG/IQLtEgmSdOp01c0H2M65YYFG-tyE.jpg
케르반레스토랑,https://ldb-phinf.pstatic.net/20230502_200/1683016111241GUuyg_JPEG/%BC%BC%C6%AE%B8%DE%B4%BA%C0%CC%B9%CC%C1%F6.JPG
진주집,http://post.phinf.naver.net/MjAyMjA1MjVfMTA1/MDAxNjUzNDQ1NTc2ODg3.QgpfcEgDZrCfADgBblqBjLAKzAnsoF2PHUS5xCNXw-kg.8cL9-QvXSCRUy8LbsV-Usd6me8rQa1Ar3lTG_dG1CNIg.JPEG/IagE693qQklIztcVp5WdpeioeqUQ.jpg
호남식당,https://ldb-phinf.pstatic.net/20191109_203/1573278161414g1OnH_JPEG/McXfu6Dt8FfvsfDQSv-sgk1h.jpg
서대문수빈,https://search.pstatic.net/common/?src=https%3A%2F%2Fldb-phinf.pstatic.net%2F20200209_258%2F1581214546983g3TTu_JPEG%2FPrJatxrT6WlBQ_VEWfxhCVb6.jpg
여의도백리향,http://post.phinf.naver.net/MjAxNzAzMDRfMTUx/MDAxNDg4NjAyODg4NTY1.dk43b287KtCKPkYLNO3mx96EY_WJ1jr0uFT8C-EpVYog.sEK1hN2Rd9p0GfI-DL-s1ZE-kr7yrwDW7HzP_R5k9Usg.JPEG/It-EwWcx5SceMagEa4BXOWf-zPgM.jpg
송파구횡성한우,https://ldb-phinf.pstatic.net/20240101_171/17040926699673gKlK_JPEG/Picsart_23-12-24_22-59-14-848.jpg
도봉구대문한정식,http://post.phinf.naver.net/MjAxODAzMDVfMTg4/MDAxNTIwMTgyOTk2Mzk3.sF7lx9_h-6X7HlnLBNP8J1omwenAD2mCSz-BWIjI5TYg.Vr820d7-MfVT2MXv_BshTLAWAR6W1EHQf-XClc-f56gg.JPEG/IDqR2lBfDcIS3pePIo3QlPHHB_Uk.jpg
촛불1978,https://cdn.polinews.co.kr/news/photo/201711/337040_1.jpg
평안도족발집,http://post.phinf.naver.net/MjAyMDA2MDdfMjUw/MDAxNTkxNTAyNjUyNDI3.BZNVgXmDFv6TARnJLhr3I9k-0Yi8U64_3TjGliDCcBwg.zKpufZQL3p8EoyUU6leRouwGJUPgMHiSLq9qR8tAAv0g.JPEG/IMBQaWfuXH3xpYie4XZW-6QDnWkg.jpg
청와옥 본점,https://ldb-phinf.pstatic.net/20191206_130/1575618542237n3qSy_JPEG/8aIe6r14ZcPI3bIAdfN7FYl9.JPG.jpg
서대문구형제갈비,https://search.pstatic.net/common/?src=https%3A%2F%2Fldb-phinf.pstatic.net%2F20230126_259%2F1674734519449KtMwT_JPEG%2FScreenshot_20230126_205806_Instagram.jpg
송화산시도삭면,http://post.phinf.naver.net/MjAxODAzMDhfMTc5/MDAxNTIwNDY3MzYxNjgx.R14m734Nc4OfZQO_d4XmMwguQp9aEmBu6Iq5GfS6gQYg.ij9Yi-OD_GVtMGj5pHPZWapYfjHT0zOJlY3slsgGXecg.JPEG/ITGoVl0eTZGpQ8r0Lf0j6ySHMNbA.jpg
참만나,http://tong.visitkorea.or.kr/cms/resource/48/818148_image2_1.jpg
제일콩집,https://pup-review-phinf.pstatic.net/MjAyMzA1MjNfMTc5/MDAxNjg0ODM0NDM4NjIz.CAZRQ9aPn3D3vKVqDWwGOIj4Rzo8LU13LyMnQHinLvQg.AbQv2E_yIfrC6_lg4vQ4r261eZAbMVOVP4KY6pztFMwg.JPEG/19B85AAC-3D0B-4B3E-8461-B5A1DDA4B0CA.jpeg?type=w828_60_sharpen
무교동 북어국집,http://post.phinf.naver.net/MjAxNzA1MzFfMjc1/MDAxNDk2MTk3MjcwMjA5.UVg_AwyzuknUg4P_tnSjaHGHuYdmzucj7O1vKJo81w0g.rfIfcvm8P-gKHRtFHoa2JJI6gNCNoXsCtF63QxLGYisg.JPEG/I_VgJi7EE1WvuND1_GL_flOFoPcw.jpg
전민규의황제누룽지탕 노원직영점,https://ldb-phinf.pstatic.net/20240226_250/1708922643925161Ar_JPEG/IMG_7331.jpeg
WANGTHAI,https://cdn.visitkorea.or.kr/img/call?cmd=VIEW&id=b1b528e5-00c2-402b-a690-063cc84d9a3d
성수살라댕템플,https://sharekook.com/wp-content/uploads/2023/08/36FFA71F-2F17-4209-A97F-86A5B962FB1E.jpeg
관훈동 산촌,https://mblogthumb-phinf.pstatic.net/MjAyMTExMTlfMjM1/MDAxNjM3Mjk5Njk0Nzg2.w-JOyKem7Y7e8IwMjsPWgurPgbAxD4mpkfxD_rHmLSgg.Xg2aZ0sFMQ8kCDQExa5qTPTQwznk55Mucp_993I1k3Ug.JPEG.coggaly/KakaoTalk_20211115_095713907_16.jpg?type=w800
로씨니,https://ldb-phinf.pstatic.net/20190826_195/15668133182822xGk6_JPEG/I-3Xv5lfe8Vq6lf2MElp_0s7.jpg
대도식당 왕십리본점,http://post.phinf.naver.net/MjAyNDAzMjVfMjc1/MDAxNzExMzQ1ODExOTA4.LMBHGdCICvhQNgktEmhZmR5dHESViROt2rUqd7Tg7HEg.IZRdUgeBpXQ221GFtR7ldyCwV-Lwcdu5Z5uu58BrLSQg.JPEG/Iq4v5Di2J3v2FCbDp6qt2d-nPK1c.jpg
산채향,http://post.phinf.naver.net/MjAxODAxMTJfMjMg/MDAxNTE1NzM2NDQxNzcz.mrI4tcCBb7qlhO-5IWAU0rE4N87WHPG4PH59XP9bauUg.3egbn7aD3u92PEI-OPSLfZ99gNKoFX89Lsaj0ndPV7sg.JPEG/I5gZ2MDp3_NI1qiE5pBKkL7EYo1w.jpg
사간동푸드떼,https://dw82ptradz9jo.cloudfront.net/daylog/62bad9b7825d010525949ded/8a2c3ead-3322-44dc-94ae-5716f0af9c80
마포삼다코지,http://post.phinf.naver.net/MjAyMzEyMjJfMTcx/MDAxNzAzMTk5ODM4ODE4.-5DBpFdpq4FTGd6xPu1050q5fTrGnFaIsdKxxi93Xb4g.x4HW_Cgm7Yj_9v4hr6nvkHOgrmfbj59tTdNqsXOAySog.JPEG/IwF2nM2XWG04lIq3G5kkCmtgj7vE.jpg
옛날집낙원아구찜,http://tong.visitkorea.or.kr/cms/resource/29/696229_image2_1.jpg
영일분식,http://post.phinf.naver.net/MjAxNzEwMTZfNjkg/MDAxNTA4MTM1NDE2MzYz.EK-SZUHfgAaFa2i5cT4pkv6imFQdDitFUkOmKIw9SAgg.w_h0DLwBSRJRN2dZPvmkHQ0rujolZJQQ7YSuKlxocDUg.JPEG/I4RR-jyWqsOCLanAXltVV7bMh5yM.jpg
아재왔소,https://ldb-phinf.pstatic.net/20240502_97/17146264678125Pjwe_JPEG/IMG_8770.jpeg
르몽블랑,https://cdn.visitkorea.or.kr/img/call?cmd=VIEW&id=bd8c3933-ba73-4b89-bcf1-8271b9081f9f
대치동중앙해장,http://post.phinf.naver.net/MjAxNzA1MTJfMjEy/MDAxNDk0NTY4ODA2NjYw.MAc6pJVyjOw3r34ydmLj_rfmTU9sVUZuB4ZR0kTdZKsg.hs1HYopQUiuJ3vkPWrnEpej8q4wMRU4yk1eQU8YeXucg.JPEG/IU-VAbAs0NFmwBGXq7NSp5VHfMQk.jpg
고궁의 아침,https://search.pstatic.net/common/?src=https%3A%2F%2Fldb-phinf.pstatic.net%2F20240405_180%2F17123030270238TPfI_JPEG%2F%25C7%25D1%25BF%25EC%25B2%25C9%25B5%25EE%25BD%25C9.jpg
성북동돼지갈비본점,https://search.pstatic.net/common/?src=https%3A%2F%2Fldb-phinf.pstatic.net%2F20150831_226%2F1441026336517lAF2A_JPEG%2F11712517_0.jpg
강동황도바지락칼국수,http://tong.visitkorea.or.kr/cms/resource/35/1922335_image2_1.jpg
금왕돈까스 본점,https://ldb-phinf.pstatic.net/20201215_5/1607999781409iI8WU_JPEG/euU5aOcvIuo1dCkVOTmq-vfU.jpg
운산,https://ldb-phinf.pstatic.net/20190322_20/15532200547034MC3R_JPEG/pQVq1YNlKoyYyQYP6MD78077.jpg
서초구통나무집,http://tong.visitkorea.or.kr/cms/resource/18/2856118_image2_1.jpg
설마중,http://postfiles4.naver.net/20150227_51/dotdot2girl_14250248235307zjqU_JPEG/IMG_0656.JPG?type=w1
강서도일처,http://post.phinf.naver.net/MjAxNzAxMjJfMTkz/MDAxNDg1MDE2NDQxNzEy.WAn6mpCcIvSXzeSDQD-P3BVuj664xSMRXspzj8kamR0g.vTYZMy_JXQZs3CPtVLnqDZzEpMPWWbgXDWfkW7m1Peog.JPEG/IaDvxfIPpsUECQgqTCx_yORQz-rk.jpg
강남곰바위,https://search.pstatic.net/common/?autoRotate=true&type=w560_sharpen&src=http%3A%2F%2Fimage.nmv.naver.net%2Fblog_2023_07_27_210%2F6a5a9e04-2c60-11ee-ba0a-48df379cc9e4_02.jpg
드럼통 참숯석쇠구이,https://tong.visitkorea.or.kr/cms/resource/52/1852252_image2_1.jpg
종로구밀림,https://search.pstatic.net/common/?autoRotate=true&type=w560_sharpen&src=https%3A%2F%2Fmoment-phinf.pstatic.net%2FMjAyMzAxMjhfMTk1%2FMDAxNjc0ODc2MDgyNDA5.4rjxL0LOkmZz6u36HWeKdPPBNgD6OH9oJXHE1tFIA6kg.erbMzogpho9rZJWygTkYUgI9mcpKTfbk-nv8JdXZPMog.JPEG%2F863c443f-28a2-4e93-8708-a964a6fb3d7c.jpg
인사동 촌,https://ldb-phinf.pstatic.net/20231001_131/1696159134551usYtP_JPEG/1696159118560.jpg
대호정,https://ldb-phinf.pstatic.net/20200109_93/1578576591842fK2zr_JPEG/1ZwYAZtbfUoPiHAefAoctJC2.jpg
아델라베일리,http://post.phinf.naver.net/MjAyMDEwMjJfMjkz/MDAxNjAzMzQwNTI2OTIy.CohkukKM1aMv9Lw4I8mymnsC9-V7fS3PYr0CHG9imd8g.H_JXbgTLbqowDTspFKfyvXn1Ebq9MFno3ypgDki0Niwg.JPEG/IEWaq-2fepSR8wulbXTEYk92pP8M.jpg
삼대할먼네,https://ldb-phinf.pstatic.net/20231003_250/1696312949602HmMfQ_JPEG/KakaoTalk_20231003_150152452_02.jpg
용산구기와,https://search.pstatic.net/common/?src=https%3A%2F%2Fldb-phinf.pstatic.net%2F20160108_237%2F1452233876372SJu4B_JPEG%2F176058554775566_0.jpg
을지다방,http://post.phinf.naver.net/MjAxOTEwMjNfMTM3/MDAxNTcxODIxNTI3Mzcx.AXLfVFiKTQBdOKbVWtbiJgkBM97fW4UzgdemkSFwbo0g.mr_nSOE1RdPub_lkRI4d2PpkjhrftdbFycnFvzBZgsYg.JPEG/Ita4kPMmZxjb7xdLDp6l5mzfFdqE.jpg
해담채 남부터미널점,https://ldb-phinf.pstatic.net/20230905_195/16939003529620hkvU_JPEG/0F2A2753.jpg
감꽃당,https://tong.visitkorea.or.kr/cms/resource/23/2622723_image2_1.jpg
국화정원,https://search.pstatic.net/common/?src=https%3A%2F%2Fnaverbooking-phinf.pstatic.net%2F20230629_190%2F1687977158739bwUoN_JPEG%2FKakaoTalk_20230629_025135772.jpg
뽐모도로,http://tong.visitkorea.or.kr/cms/resource/40/1901040_image2_1.jpg
트레스드,https://ldb-phinf.pstatic.net/20230405_39/168068691673612gaO_JPEG/1641983742323.jpg
수유동가문,http://modo.phinf.naver.net/20161116_13/1479256513734x4au2_JPEG/mosa6Mzl2L.jpeg
북한산 큰숲 제빵소,http://post.phinf.naver.net/MjAyMjA2MjZfMjIy/MDAxNjU2MjI4NTUzNTI1.G8xd_fhPLhfXkIpi8WEOWYShkcAJCPqToAEEKoxrkjog.NqHQvhZehvpWbj9EQOEcSCh4_xupqzOf80mj02zF3Okg.JPEG/ISMXW4BNxOECaY8mCGsz6kqnhKlk.jpg
다래함박스텍,http://post.phinf.naver.net/MjAyMzAzMDhfMTA0/MDAxNjc4MjU4MzQ2OTQw.qxk-cwOP8A4hYCiSo-OzVouw90MG-LKHab313lpNQWcg.0nhMTWvgEaIHn8G2iJ7xaXvZpD65c-F9b0FGn6EfrQwg.JPEG/Iq0XFCynImkbrtr36SezbI8JfHiA.jpg
뱃고동,http://post.phinf.naver.net/MjAxODAzMTZfMTAy/MDAxNTIxMTc1NzM4MTU3.6URo76BoOqscV4X94rBn0dVAaA8weuGVAP2YvxgIPVkg.4J3KPPYupKFkbwpWbt6hCkNWilqvslqhI10r10Rx1zog.JPEG/Ii-dhn3ohuIS7AYLLx6nfbdX6FvU.jpg
한강파라다이스,http://tong.visitkorea.or.kr/cms/resource/62/1900562_image2_1.jpg
미가할매집,https://ldb-phinf.pstatic.net/20210927_241/1632712949679wxstp_PNG/qFzH-5SULhOtcT78nhd-ZBRL.png
서울서둘째로잘하는집,http://tong.visitkorea.or.kr/cms/resource/41/609741_image2_1.jpg
자인뭉티기,https://d12zq4w4guyljn.cloudfront.net/750_750_20231113103532219_photo_4e25a1bf375c.jpg
양반댁,http://post.phinf.naver.net/MjAxNzA1MTdfMzEg/MDAxNDk0OTk3MDYyNDc1.qjUojRJY-lmO7CksTwWiLcbtrDc9niz0sD-GRzbptVwg.WHgl_Ut7RmNu4P30wWwWnYJxdhXrGY7Tr5c8b8z2hhQg.PNG/IMGq9D8vnGogKKcNlZdf9ABjFJCQ.jpg
미자식당,http://post.phinf.naver.net/MjAxODA1MjVfMTIx/MDAxNTI3MjU1MTM2NTE2.dz8XGzPR8EINomPPGMNWKHPCZa1p0mzxbNstG3A426og.c0a-XBA0slpqucM76b21L6xBvb0_YMDgRsPqbxQxXyMg.JPEG/IkdtUxtHsxA5ys_j7x0YaTKrovoA.jpg
평안도만두집,http://post.phinf.naver.net/MjAxNzAyMTNfMzkg/MDAxNDg2OTI0NDk3MTY2.gOIAvShI27vavPeM6ORtZTl_odDCiTraHY-qtcljL5wg.jj-QzfxOtlI_m-QifqkMWQUQfwa0VWg_F1bWdQDWftMg.JPEG/I6rzLsqXsKiIHbPhb_iNb1hBQNVs.jpg
지화자,https://search.pstatic.net/common/?src=https%3A%2F%2Fldb-phinf.pstatic.net%2F20161118_72%2F1479431357127bPU6X_JPEG%2F6%2529_.jpg
인사동그집,http://post.phinf.naver.net/MjAxODAxMTZfMTM2/MDAxNTE2MTA4NDUyNjcz.x69zRHFVdjHetjtEF6ZSxtA737Jh7befBD5BN0Xa2CEg.ftVAv_3JLnG2Lr2-VrPcS7IoMTf7_qoY3m1maPwM0r8g.JPEG/IFmgqfqZFysB2CAXJ-jwO6MKPqvk.jpg
라칸티나,http://tong.visitkorea.or.kr/cms/resource/85/1846085_image2_1.jpg
동적불고기깡통구이 쌍문 본점,https://ldb-phinf.pstatic.net/20240115_113/170528190544316gdq_JPEG/%B3%D7%C0%CC%B9%F6%C7%C3%B7%B9%C0%CC%BD%BA%BB%E7%C1%F87.jpg
어양,https://cdn.visitkorea.or.kr/img/call?cmd=VIEW&id=d2519c1e-37b8-4721-8995-37d4be68dcc8
서래본갈비,http://post.phinf.naver.net/MjAyMTEyMTlfMjk0/MDAxNjM5ODY3NTU4OTc1.R1SqRZsC2FbaSSmnK_IR8UBosCitIpzH_rpg0Fbkg54g.xD4n0lbIlV-26-qMZHDizwcpgksRChnjh6YSOjfCgTIg.JPEG/II-JfCcK1MVIuEjFsw3dQFnBxDFg.jpg
단미그린비,https://search.pstatic.net/common/?src=https%3A%2F%2Fldb-phinf.pstatic.net%2F20221205_106%2F1670232850910MOVMo_JPEG%2F7934378C-19A3-4D3B-A44F-D3B446BE7609.jpeg
갯마을,https://cdn.visitkorea.or.kr/img/call?cmd=VIEW&id=36240c0e-67f6-4b8c-8ad7-2a1154a4caf5
그리츠 레스토랑,https://ldb-phinf.pstatic.net/20201010_214/1602300359886rg7H7_JPEG/4.jpg
아승지,http://post.phinf.naver.net/MjAyMTA1MTdfMjM1/MDAxNjIxMjM5NTA4OTU4.dCt_SMNI-PXshT3YzsaDFnFgOkf_JvXu0POOJ6Or8fwg.-0S7ewvauWD1SzrcTfOT_S9y13sANyE9NMMMCmk1rSgg.JPEG/IZW4s4gW2qHVGfJEglUAerbnL6IQ.jpg
광장싸롱 1961,https://search.pstatic.net/common/?src=https%3A%2F%2Fpup-review-phinf.pstatic.net%2FMjAyNDAzMjNfMjA4%2FMDAxNzExMTU0NTk2NDEy.IZMm8qsfOAwXThq6z8R34KAp1uf9WlToR3PbU25hy3Eg.NBMFvTFH6w9RcYbVmCrAAHuV0Ve9L7vALV7SN8MHrCsg.JPEG%2F9B4F7A1F-6EBC-4BE6-9514-D8631BB4C4A3.jpeg%3Ftype%3Dw1500_60_sharpen
태림산채정식,https://search.pstatic.net/common/?autoRotate=true&type=w560_sharpen&src=https%3A%2F%2Fpup-review-phinf.pstatic.net%2FMjAyMzA1MTRfNzgg%2FMDAxNjg0MDQyNTk4Mzcy.dBKwkKNwEsk-gaTFE5vS7n2NEjMu1LgrqCJW4Db70_wg.tnDGeSib6WKXpXeFYx2lX7WAfhM5AfjT6_Di5S61YQQg.JPEG%2F1684042342708.jpg
을지로 원형들,http://post.phinf.naver.net/MjAyMjAzMjRfMTc2/MDAxNjQ4MDk5OTQwNjEz.xHz2_ZW9UsBun-jFsqbOsz5MOXc9FblImwhq0QrJnugg.VU4QX2EaR3_nvUo_UrliwJoJfPsmoK3MVmVgqJtoQuYg.JPEG/I5vOPKxXZ5mSTw16W_B4mnlrv5n8.jpg
산도토리임자탕,https://search.pstatic.net/common/?src=https%3A%2F%2Fpup-review-phinf.pstatic.net%2FMjAyNDA2MDZfMjE0%2FMDAxNzE3NjYxNDQxMTQ2.TajYUQB8lP0Pajv3q2EtdZX5pB_vcYHdWfnoyL-vZkMg.uWNZY2Zqfk2Ar0Q238Qwe9I3_d4MstwKzFlm_cTDEpcg.JPEG%2F20240606_170928.jpg.jpg%3Ftype%3Dw1500_60_sharpen
향림,https://search.pstatic.net/common/?src=http%3A%2F%2Fblogfiles.naver.net%2FMjAyNDAzMTFfMTg3%2FMDAxNzEwMTMyNTI2MzQ5.tFnW6nnoOek4ySifCb0Fgh5F-YOgPUhKltzc3ShHGw4g.DSvb-R8xmKi1dPcCLj9DVYnYVMt-TjFpu6EpfYwCP1wg.JPEG%2FIMG_0854.JPG
금용문,http://post.phinf.naver.net/MjAxNzA4MzFfMTYw/MDAxNTA0MTg4NjQyMzE3.kcr74IUMHruiwe2H8u-K0OuO7Efde3YsI6Gv0_7FUWMg.4MywBJr-9dngDNhYRhMHfacdsXu660KVIUgCunwqxM0g.JPEG/IZC2cMYHmiPELgsCep5sup_jCFD8.jpg
깃대봉냉면,https://search.pstatic.net/common/?src=http%3A%2F%2Fblogfiles.naver.net%2FMjAyNDA1MThfMjMy%2FMDAxNzE2MDQyMzQ4NTkx.81yWqMopKIn_kAx6MS-dP0f7wvM5q_L3k_mdrmyxcy4g.v71K3Im_AdYWB9OA3bko_kTr7BmtT5vggc8bOaMB9lMg.JPEG%2FIMG_2763.jpg
순희네빈대떡,http://cfile223.uf.daum.net/image/247E023555F1B3DA1150AA
곰국시집 명동,http://post.phinf.naver.net/MjAxNzEwMDNfMTA4/MDAxNTA3MDM4NDA4Njkw.gzt7409vZeR_vYtf41dL84LjwN1Ngt5IjlHnE-FxNeYg.JPhHkf-oYAahUPeDbNrLpZldjitW5tQzTLpL0ZqDDH4g.JPEG/IC4jBYrZky_1fghnR34hk547IAbs.jpg
만강 수서점,http://tong.visitkorea.or.kr/cms/resource/69/2842769_image2_1.jpg
해담채 서여의도점,https://search.pstatic.net/common/?src=https%3A%2F%2Fldb-phinf.pstatic.net%2F20220526_60%2F1653530998455t4iUa_JPEG%2F%25C0%25FA%25B3%25E1%25C4%25DA%25BD%25BA-%25C7%25D8%25B4%25E3%25C3%25A4-%25B9%25D9%25B4%25D9-A.jpg
다락정,https://ldb-phinf.pstatic.net/20200502_48/1588422647601c7P4p_JPEG/AJaUoGtl14-vwEaMIJ_9t5GA.jpeg.jpg
백원,https://search.pstatic.net/common/?src=https%3A%2F%2Fldb-phinf.pstatic.net%2F20220204_12%2F1643966914886NvfEc_JPEG%2FKakaoTalk_20220204_174132128.jpg
아리차이,https://search.pstatic.net/common/?src=https%3A%2F%2Fldb-phinf.pstatic.net%2F20150901_235%2F1441073770980Q9QNM_JPEG%2F166851514627634_1.jpg
익선동 그집,http://post.phinf.naver.net/20160518_219/14635407713876wg0U_JPEG/IV9Hh4YQk_7yw3-z8gl8_hLoEZfc.jpg
먹고을전주콩나물국밥 묵동본점,https://cdn.visitkorea.or.kr/img/call?cmd=VIEW&id=bedddcda-930f-410a-9b3f-3d18a959d5bc
명품기사식당뚝다리김치찌개,http://tong.visitkorea.or.kr/cms/resource/31/2789731_image2_1.jpg
요리하는남자,http://post.phinf.naver.net/20160711_246/14681955974928votW_PNG/ImLZoUWlx868BaU7uEtRYfsdx3iI.jpg
성수족발,http://post.phinf.naver.net/MjAxNjExMTVfMTMz/MDAxNDc5MTc4OTE0MjE2.53U61m_XA9JvO13xkvXakOdVFAgO_Xnf71WTcuMYrjUg.5Rmw81HT32sPiJvDFNOQNyb8kyKdkbASwgbG0GtAnJIg.JPEG/IKXcpk3cMVcURofALv67Ua5n6MtM.jpg
키미아트,http://tong.visitkorea.or.kr/cms/resource/16/697016_image2_1.jpg
문배동 육칼,http://post.phinf.naver.net/MjAxNzEwMjRfMTAz/MDAxNTA4ODI3MDUyMDcx.cD4AKcu74S01GA5ZbxKA00nCFxino3XyDKPf6jR9KlYg.Et6g44qc5ncvP1Kk6SCWE9sNei7VNxnHYvDhUlZpObAg.JPEG/I8lB0BB9P5zUJ9wobRsv8Ra83nT4.jpg
청담골,https://search.pstatic.net/common/?src=https%3A%2F%2Fldb-phinf.pstatic.net%2F20150831_34%2F1440990759555VV2uE_JPEG%2F11477316_0.jpg
몽실이네 토종한우,https://ldb-phinf.pstatic.net/20230920_49/1695216349464nOI9V_JPEG/5FACB9C5-3A52-4379-B9C8-1CA0320F6B69.jpeg
미진,http://post.phinf.naver.net/MjAxNzA0MTdfNyAg/MDAxNDkyNDMwODY1MTA0.JrGeiDSkGVKKvBg21NmNbEKT6DLHePocxl9UKzl-kx8g.ZKUMwwAgbA_G-WAJSxxWARGYK_nn7nKFtPBJV-rcLwEg.JPEG/IxDl6NT34H5Na7_qyZzM78bD2gs4.jpg
동심한정식,https://modo-phinf.pstatic.net/20170913_287/1505288186755ttCmT_JPEG/mosaNpvx3u.jpeg
남원추어탕 풍천장어,https://ldb-phinf.pstatic.net/20190116_129/1547647085085oimQc_JPEG/FLVLYkZnRchqvFhOTAkvNazR.jpg
산삼청각,http://tong.visitkorea.or.kr/cms/resource/94/2790194_image2_1.jpg
테르트르카페,https://ldb-phinf.pstatic.net/20210521_278/1621599337498DGYvJ_JPEG/NWvg1I8yXN37iheOZnisHZ_N.jpeg.jpg
최수사 대게마을,http://tong.visitkorea.or.kr/cms/resource/28/2465028_image2_1.jpg
정식당,https://pup-review-phinf.pstatic.net/MjAyMzAzMTNfMTUz/MDAxNjc4NjY5Mjg3MjIx.1OqeAnpK7GNbThm0ecnBNNo3NJur10w2AiJVe9lPTkkg.rNTgE0Zat6WsMqKQ8vF7Bvxl6bzrrYCJ9SBjocrmWKwg.JPEG/5DC2A3CF-CD6C-4E8D-BABD-2DB2055FE494.jpeg?type=w828_60_sharpen
인사동큰집,http://cfile233.uf.daum.net/image/17305D344F37F24E26AB78
옥류헌릴렉스,https://search.pstatic.net/common/?src=https%3A%2F%2Fldb-phinf.pstatic.net%2F20240424_46%2F1713941575497CHopM_JPEG%2FKakaoTalk_20240424_153744531_04.jpg
위대한밥상 영광,https://ldb-phinf.pstatic.net/20191125_236/1574669976327R0X3M_JPEG/UulUjteRhAnECwe7iZhDQqKb.JPG.jpg
부일갈비,http://post.phinf.naver.net/MjAyMzA4MDRfMjEy/MDAxNjkxMTEzNTEzMDk2.MA_zoBqIcImUn75cgFVlb_YWPMu9vAKLCxo-xZE6sbwg.7I7HfjhoPaysvuXjfflbHzTJCQfNasteMP9p4JjmYxkg.JPEG/IxhjnuTF55QrdPiNG6reEymFpcY8.jpg
툭툭누들타이,https://ldb-phinf.pstatic.net/20160509_248/1462752140901F7drI_JPEG/176459493236444_3.jpeg
금강수림,http://shop1.phinf.naver.net/20230420_77/1681974589453qGIoI_JPEG/7062597325885884_693039594.jpg
세상의모든아침,https://search.pstatic.net/common/?src=https%3A%2F%2Fldb-phinf.pstatic.net%2F20181017_224%2F1539764302266u1XIP_JPEG%2FK5Gp0hoJO3-FYPnvptHBd8-2.jpg
조선옥,https://search.pstatic.net/common/?src=https%3A%2F%2Fldb-phinf.pstatic.net%2F20150831_210%2F1441017873475QkA8B_JPEG%2F11679461_1.jpg
미 피아체,http://tong.visitkorea.or.kr/cms/resource/67/398867_image2_1.jpg
창성옥,https://search.pstatic.net/common/?src=https%3A%2F%2Fldb-phinf.pstatic.net%2F20210831_248%2F16303934760347abbi_JPEG%2FD7LLTjPE7Oluideg2N0HKxjg.jpg
갯마을풍천장어,https://search.pstatic.net/common/?src=https%3A%2F%2Fldb-phinf.pstatic.net%2F20171226_8%2F1514272683218FsBO2_JPEG%2FOxN3l40YOalIo-sTGzsXKQle.jpg
최대감네,https://pup-review-phinf.pstatic.net/MjAyMzA1MTZfMjMy/MDAxNjg0MjI3NjgyMDA0.NEIuKJNMrCp6AV2e3F1admGxXqLeeIgOvQXqj_wcrWwg.eBkgVGnJnF4VrxtQmpL6_VyUH7nxAjkYfoIagvX_DRAg.JPEG/20230515_114613.jpg?type=w828_60_sharpen
삼해집,http://post.phinf.naver.net/MjAxNzA1MTdfMTU2/MDAxNDk1MDIxMjgzMzgx.yTkNokZbYE82svZhDDo6cRuSHq6CP1nMvbqoDyl1Aw8g.56BnL7QOVElAVwqiEbiP3MaZ14Xg6u8X_hYyWD4NiCwg.JPEG/IN0pmN81gZPkfFsaZAxeEU_cOCrA.jpg
유진막국수,https://ldb-phinf.pstatic.net/20200925_11/16010150297335zHic_JPEG/RjPMQdAmVOSkB2Sgv2VqxVpM.jpg
눈나무집,http://post.phinf.naver.net/MjAxNzEyMjFfMjI1/MDAxNTEzODMyMTAyNjMx.rFeTKLZtxfkKVPGivzNUEAUsmocvw3nkgPFQycWBZ9Ig.D-i6zdbY4XsKfazp5zEruYX6KUIx7LHbQF1xTpv-Bu4g.PNG/IxudAUDoAvRInXGYbhPKRLl3Nt1o.jpg
불맛감자국,https://ldb-phinf.pstatic.net/20160225_262/1456378579600JoXpx_JPEG/176175546637126_15.jpg
해담채 강남점,https://ldb-phinf.pstatic.net/20220526_155/1653531154818NYvaf_JPEG/%C0%FA%B3%E1%C4%DA%BD%BA-%C7%D8%B4%E3%C3%A4-%B9%D9%B4%D9-A.jpg
초우마을,https://search.pstatic.net/common/?src=https%3A%2F%2Fpup-review-phinf.pstatic.net%2FMjAyMzEwMDlfMTQy%2FMDAxNjk2ODQ4NTM0OTYz.WnuW1F7iztV09c-NbXRFIfZA0Ngc2xlIRhcfBCmFt0gg.DzDnTaeD-kvuaQ5XqmYXvH5FDW_y_l1k7yL68sflyUog.JPEG%2F20231008_193437.jpg%3Ftype%3Dw1500_60_sharpen
대상해,http://tong.visitkorea.or.kr/cms/resource/46/1290346_image2_1.jpg
왕돈까스&왕냉면,https://ldb-phinf.pstatic.net/20160428_233/1461777298770tqCMW_JPEG/176378424478469_2.jpeg
루위,https://search.pstatic.net/common/?src=https%3A%2F%2Fpup-review-phinf.pstatic.net%2FMjAyNDA2MDZfMTgg%2FMDAxNzE3NjY5NjIzNTE0.J3NtO4z64s0134tyBsDAvQG0plXjgVWDFr3qCuEj4e0g.fcLt5TX2PUA85rboCs9weL7IC_nS_bqDvwyozbKDlUYg.JPEG%2F892A7FE5-4D55-4372-907F-9ABA8B0EE296.jpeg%3Ftype%3Dw1500_60_sharpen
아리아,https://search.pstatic.net/common/?src=https%3A%2F%2Fnaverbooking-phinf.pstatic.net%2F20240312_138%2F1710228360305laqqw_JPEG%2F%25BE%25C6%25B8%25AE%25BE%25C61.jpg
에도긴,https://ldb-phinf.pstatic.net/20210220_121/1613747794081MpFuH_JPEG/RcSjXScD2kRkc_vxxVLZ5C_n.jpg
초록뜰,https://search.pstatic.net/common/?src=http%3A%2F%2Fblogfiles.naver.net%2FMjAyNDA1MjRfMTMx%2FMDAxNzE2NTQyNzI5OTYz.bhOCq8Hy3rHg48W2nYPMTuID8urgvW6Qnx3qDqucetQg.OhqzY4nARCBSX5N4DsVA7fWE4C-Qsg_WTWBLd8eBTaAg.JPEG%2F%25C3%25CA%25B7%25CF%25B6%25E3%25BD%25C4%25B4%25E7_1.jpg
안성또순이,http://post.phinf.naver.net/MjAxOTEyMDVfNzAg/MDAxNTc1NTA3MjI2ODYy.rvk6YvOynDMjEkvB0uJzfNy9gE_R84ObzbXI9fMo9Zcg.94GZ2iJh29iX3Nz8BolKgnqVni1RApMQWG45tAmz5RUg.JPEG/InSQJBv2HXKZ7VD0wo14UcfG8daw.jpg
달 카페,http://shop1.phinf.naver.net/20210322_113/16163894720494sb0H_JPEG/17525370361290117_525255620.jpg
다리원,https://cdn.visitkorea.or.kr/img/call?cmd=VIEW&id=72004fae-2e2b-4025-ba34-6d05905ee2e4
동해복집,https://ldb-phinf.pstatic.net/20200221_123/1582231861589TcGlP_JPEG/X1PLhb2yc2zXqIzEvN94Jk_A.jpg
톰볼라,http://post.phinf.naver.net/MjAyMTAyMjVfNjAg/MDAxNjE0MjQyMzkwMzI2.SayWZBi__V4wH-ObnG_rbvtjw5oO6N_zvlu-IAx2590g.PruMXng4I52MvqMtYdHLF-ytlLqpcQNaUNW2iH5XxTAg.JPEG/IHSfdnhkijcudkjH97jxbeXqKR6M.jpg
엄마손칼국수,http://shop1.phinf.naver.net/20220819_205/16608758120394FRu8_JPEG/100009_1.jpg
고바우소곱창,http://tong.visitkorea.or.kr/cms/resource/62/399462_image2_1.jpg
장꼬방김치찌개전문,http://post.phinf.naver.net/MjAxNzAxMjhfMTc3/MDAxNDg1NTk4NzczNzg2.1AH4Ad2dWN6ylKSvEhDwb4L4qrXVNg4ddK1pYqes95Ug.tytvxcf1UC83dynEAULveMwQlnB7dmOuBXuWdgbiWgcg.JPEG/I3R39F9wiRy0kFIEH6ghqMvDmUF8.jpg
청송본관함흥냉면,https://ldb-phinf.pstatic.net/20200206_89/1580994214397fLyEt_JPEG/GeRacZWRK244SgSBbRlqkfqS.jpg
참숯골,http://post.phinf.naver.net/MjAxNzA2MjFfMTMy/MDAxNDk4MDA5NTQ0NTgw.9JREu3fED2HetvPtR0FBogLKe00kRiu2P2yhP2O5jdYg.HeI2ACBkYtx3rBCGioJzAF7DhLEoOcUrTQSVk2Mc0Vsg.JPEG/IiDsw0VYamwQktZJAIvZir8cOsnc.jpg
골목집,https://ldb-phinf.pstatic.net/20210330_89/1617088483795M2v8g_JPEG/fG1hmrvAcQF9p8UtuLfJNK5c.jpg
모뜨,https://search.pstatic.net/common/?src=https%3A%2F%2Fpup-review-phinf.pstatic.net%2FMjAyNDA2MDZfMTEw%2FMDAxNzE3NjM5NjI5NDE4._M89v0rfh9QoSVpkdQdrEbYcwx_50qMjUUuSwd-vxRAg.MNe9_5bkHKQ2xCsGZ5Kesjb4tx8RdGLC4OM1joNkIM4g.JPEG%2F20240605_122944.jpg.jpg%3Ftype%3Dw1500_60_sharpen
셀프하우스,http://post.phinf.naver.net/MjAxODAyMDdfOTAg/MDAxNTE3OTkzMDI3NjQ1.eCvt3nAEie5Zd-K7_D6XLRRF4s8IZSN54ozCmjBJXRog.ZkL_TmPjEDNNYXIC9eObNtRFbYkD_uxJjI2pPDhZm84g.JPEG/IICevN9bOlKf9vmBXLn5kAUt1Hz8.jpg
삼성 빨간양념 숯불구이,https://ldb-phinf.pstatic.net/20231017_243/1697539431364JMhRE_JPEG/IMG_4553.jpeg
진남포면옥,http://post.phinf.naver.net/MjAxNzA5MDVfMTY1/MDAxNTA0NTg3MzIzMTg1.C_bfgCepVGzNCGP1PTv9H_ExeUhFuITSXiWbdjWMqgIg.Nv56lMlOhDhU8HaOFV26GCBfiVEHkZeNFHB0rm4nBxsg.JPEG/I1_K-2eBuRaFUoGgTUY9Sc6gsxvI.jpg
성북동집,https://search.pstatic.net/common/?src=https%3A%2F%2Fpup-review-phinf.pstatic.net%2FMjAyNDA2MDVfMjA4%2FMDAxNzE3NTg5MDgwNDc5.VGmlm7Up8sg-crS63qaLB2eZF8umGi-OP9wOcgPB5gwg.1ISpU5vpJwBmEvoDA4N8xFOfFI5GqLf1N53FML-DeQIg.JPEG%2F2FC5D748-1780-422C-A65E-0C4FDB104601.jpeg%3Ftype%3Dw1500_60_sharpen
삿뽀로 목동점,http://tong.visitkorea.or.kr/cms/resource/77/2836577_image2_1.jpg
갓잇(god eat),https://search.pstatic.net/common/?src=https%3A%2F%2Fldb-phinf.pstatic.net%2F20240520_217%2F1716186984187kd0aP_JPEG%2FKakaoTalk_20231128_173536279_01.jpg
내자상회,http://tong.visitkorea.or.kr/cms/resource/99/2716899_image2_1.jpg
우리강산,https://search.pstatic.net/common/?src=http%3A%2F%2Fblogfiles.naver.net%2FMjAyMzAyMjBfODEg%2FMDAxNjc2ODU2ODI0Nzc2.FYuAl3Lz_cVpF_Tc0OGKM65n_IA1TLB8DNXkY4oPTmog.0QWBEvGCYYffdR3T4CsfwbiYyvlKVCFNPt2mjb2T6BQg.JPEG.an_tree%2FKakaoTalk_20230217_121917912_02.jpg
방이샤브샤브칼국수 방이본점,http://tong.visitkorea.or.kr/cms/resource/05/2839405_image2_1.jpg
자원대구탕,http://tong.visitkorea.or.kr/cms/resource/08/712508_image2_1.jpg
정감어린,https://search.pstatic.net/common/?autoRotate=true&type=w560_sharpen&src=https%3A%2F%2Fpup-review-phinf.pstatic.net%2FMjAyMzEwMThfMjgx%2FMDAxNjk3NjIzMzE5MDY0.cZIUqhFGfJgcTbpZUe3FWkhnrRST4UxeyKn6x8LFT5Ig.Mb3uVZvN4QpGSn-EyeBpq1m-uvYjMA6E-3MJg42T-JUg.JPEG%2FE69F60CD-8868-4BBE-BB24-A2BE4F5AE3DD.jpeg
전주회관,http://post.phinf.naver.net/20140829_24/8583010_1409320550650qAp6z_JPEG/mug_obj_20140829225558306.jpg
우정낙지,https://search.pstatic.net/common/?src=https%3A%2F%2Fpup-review-phinf.pstatic.net%2FMjAyNDA0MDhfNTcg%2FMDAxNzEyNTgyNjYzMTUy.WBihhYDHinPkLYgi-vEMvg-xnzEqJWoZFR_5zT0WiP4g.cxAvAQMGXHGvQGSdFYjKeBpM6W2iT7VLOsfllftUIvEg.JPEG%2F20240323_115736.jpg.jpg%3Ftype%3Dw1500_60_sharpen
낙원(메이필드호텔),https://search.pstatic.net/common/?src=https%3A%2F%2Fldb-phinf.pstatic.net%2F20230704_84%2F1688470879949peXko_JPEG%2F1.jpg
미우미우참숯구이,https://ldb-phinf.pstatic.net/20151124_2/14483513083595mUTR_JPEG/167074567846404_2.jpg
용금옥,http://post.phinf.naver.net/MjAyMDExMDZfNTUg/MDAxNjA0NjMxNjYxODA1.BRVkAM4zTVBwAvAIOJmweoHrMFdGpV2X6ms083VJQykg.-T2qUPBZZXFvEooVGzfDVK2oBfj-7CcTo9qNikBRjw8g.JPEG/I5Kukds7aUWWK_1kYLS3JUJwsb5c.jpg
용문집,https://search.pstatic.net/common/?src=https%3A%2F%2Fldb-phinf.pstatic.net%2F20230629_181%2F1688035885354QEjd1_JPEG%2F1688035828169.jpg
부산복집,http://tong.visitkorea.or.kr/cms/resource/37/399437_image2_1.jpg
그릭조이,http://post.phinf.naver.net/MjAyMDAzMTRfMjk0/MDAxNTg0MTg3OTAyMzg4.pxBDqBL1Ilf-zHkWFbWhtv8xcgx3Hfa1kaikUc4vZNAg.QcSEDQYnHw7YDSav3Ux1ZxmHmdPrmQbnhcS7p-thvJYg.JPEG/I5VRNN4UJATJUaATxl7mY6eQA78E.jpg
바바인디아 강남역점,https://tong.visitkorea.or.kr/cms/resource/06/1807906_image2_1.jpg
서울리즘,http://post.phinf.naver.net/MjAxOTA4MjhfNDkg/MDAxNTY2OTc0MzgyMjI2.cu3sWsahiCcNF5Rr6T6Hdx_FSZgmgOwiV6bE35TQ3oMg.Rp8djyaoBF8FYnV6I-2g9gbXV2oMI2vrYLDwkh4lh6wg.JPEG/IMxZGK7PBjGTqINmCN_FcRoU30lg.jpg
홍능갈비집본점,https://ldb-phinf.pstatic.net/20190118_170/1547818791618t1Fz3_JPEG/Ra5AmzMBe1kAOLEThf967SES.jpg
곰국시집,https://modo-phinf.pstatic.net/20221110_277/16680451852265w3ck_JPEG/mosagSt8ZI.jpeg
까델루뽀,https://cdn.visitkorea.or.kr/img/call?cmd=VIEW&id=b07e4772-b3f8-412c-8e70-1b2babbe4ac0
이강순실비집,https://ldb-phinf.pstatic.net/20151124_196/1448352491102QYLMU_JPEG/167074573829368_1.jpg
영등포복집,https://ldb-phinf.pstatic.net/20190714_184/1563107622570rOPQL_JPEG/nfnFAQHn7P1zgApTY8WrGJLL.jpg
상인정신,https://ldb-phinf.pstatic.net/20171224_33/1514102635264QjQTL_JPEG/HlTOCAoBjhTFYVFTMEJnXxGL.jpg
늘푸른식당,https://search.pstatic.net/common/?src=https%3A%2F%2Fpup-review-phinf.pstatic.net%2FMjAyNDAyMDhfMjI5%2FMDAxNzA3Mzg2NjQyOTE3.SviEK9dHYVgt4gUf6RiQNpeyC_oNTMzQTvVhAkgamBYg.Ufo9bn_K40bUNZh5aqC_9i6DBQtbSlUHxknG1P7Cjdgg.JPEG%2F20240208_142152.jpg.jpg%3Ftype%3Dw1500_60_sharpen
홍원,https://ldb-phinf.pstatic.net/20190418_181/15555883271327rA4k_JPEG/-9eqHce-C1cDw6V78LP0aCIT.jpg
더 킹스,https://search.pstatic.net/common/?src=https%3A%2F%2Fnaverbooking-phinf.pstatic.net%2F20230821_164%2F1692603945001Fl3ov_JPEG%2Ffb_kings_22_m.jpg
해안반점,http://tong.visitkorea.or.kr/cms/resource/37/1852237_image2_1.jpg
로리스 더 프라임 립,https://search.pstatic.net/common/?src=https%3A%2F%2Fldb-phinf.pstatic.net%2F20240316_270%2F1710587223859BKed2_JPEG%2FIMG_1981.jpeg
백제삼계탕,http://post.phinf.naver.net/20140415_139/bohyeonlee_1397567310161WWr9Q_JPEG/mug_obj_201404152208316883.jpg
라 쿠치나,https://ldb-phinf.pstatic.net/20210128_24/1611828130026VcHKX_JPEG/u7JULdHXnb2YhEtxK6biFAGv.jpg
삼수갑산,https://search.pstatic.net/common/?src=https%3A%2F%2Fldb-phinf.pstatic.net%2F20230925_16%2F1695618963829q6b6W_JPEG%2F6_%25281%2529.JPG
스시겐,http://tong.visitkorea.or.kr/cms/resource/01/1288501_image2_1.jpg
하모,https://search.pstatic.net/common/?src=https%3A%2F%2Fldb-phinf.pstatic.net%2F20150915_78%2F1442297202305hYP1z_JPEG%2F166865553659498_3.jpg
장군갈비,https://ldb-phinf.pstatic.net/20160225_98/1456377731951HHLBt_JPEG/176175545229345_16.jpg
평래옥,http://post.phinf.naver.net/MjAyMDAzMTdfMjcg/MDAxNTg0NDM1MTkyMzM2.bLBfYkRk5reOis3RONWras008md2cSv9Aj0G7-mjnlQg.JZSrt3mc6yNu1PN0vA0saqxmTX7sS9OLb-1kZbjdHSgg.JPEG/IXT9KLiWDmO8a1uCCrnVf1CWReNk.jpg
장군보쌈,https://ldb-phinf.pstatic.net/20220819_11/1660884119292dhzmj_JPEG/DSC00036.jpg
궁나라냉면묵밥,https://search.pstatic.net/common/?autoRotate=true&type=w560_sharpen&src=https%3A%2F%2Fpup-review-phinf.pstatic.net%2FMjAyMzA5MjBfOTgg%2FMDAxNjk1MTc4MTY4MDM4.p3oDDn_u0MXmU-FfCiBu0vya1QIS7VsrWaqJL_vQm_Eg.7N7eEwwxwb_0P1KRD6CJdahjNHEDvOAt2FcVHPRCfG4g.JPEG%2F64260002-B30A-49BA-BED4-B874F9C203E4.jpeg
모녀마약김밥,http://post.phinf.naver.net/MjAxNzA2MjBfMjAz/MDAxNDk3OTM4NDcwNjcy.Y3SlpMRNB4qD71cWDQ7jMu3_rx11PjrLdIGxq4RAXxYg.PWML9YOrIGSyat2MY3thIpj16jP8rmIpWCnXy92zMusg.JPEG/IoXSPTPsjA_BsI_lwOQpdDniEc_s.jpg
갤러리카페 3안,https://search.pstatic.net/common/?src=https%3A%2F%2Fpup-review-phinf.pstatic.net%2FMjAyNDAzMjBfMjQ0%2FMDAxNzEwOTA4NTE1NTI4.qMZq9TsSohe0_wxcNapy6lMQ9jsLgVv2yku7D3DKINYg.L0JmtYvBZWg8Nyyq58pyKyb9_YIfysRxqiFvNTTrb2Eg.JPEG%2F20240320_122750.jpg.jpg%3Ftype%3Dw1500_60_sharpen
장수촌 풍천장어,https://search.pstatic.net/common/?src=https%3A%2F%2Fldb-phinf.pstatic.net%2F20190310_49%2F1552218962857kerBd_JPEG%2FrsAHvdgTfVXFeh6P9LnzRWNb.jpg
터치더스카이,https://search.pstatic.net/common/?src=http%3A%2F%2Fblogfiles.naver.net%2FMjAyNDA1MTNfMjg1%2FMDAxNzE1NTY2NDAwNDU5.iT_z2TrOOCR0bHwldyHrDJrkDkFF2joTLYd9-h_pHlAg.7V-jIoSXUZQoX3uZOBSec7JuTeGGE_7B0spVNTwrav4g.JPEG%2F%25BC%25CE%25C7%25C1_%25BD%25BA%25C6%25E4%25BC%25C8_-_%25C5%25CD%25C4%25A1%25B4%25F5%25BD%25BA%25C4%25AB%25C0%25CC.jpg
성북동 구포국수,https://search.pstatic.net/common/?src=https%3A%2F%2Fpup-review-phinf.pstatic.net%2FMjAyNDA1MjVfMzEg%2FMDAxNzE2NjE5OTU5MjQw.360dmA6Zii6sT2MyKPNWxnM4gAI1YCz1SLqGiAVj-aYg.NYjt6xtxt0A_WsRY9Tlb_o3aai0SnL-5nFB7Yrw2rS8g.JPEG%2F20240524_125749.jpg.jpg%3Ftype%3Dw1500_60_sharpen
잇텐고,https://search.pstatic.net/common/?src=https%3A%2F%2Fpup-review-phinf.pstatic.net%2FMjAyNDA2MDdfMjQw%2FMDAxNzE3NzM4MTM0NjA3.oh9Ej8xYCJGTwfPUcBXc8f4rpZHx8zoogWc2B0hUpQQg.i-n5us8qBnKZSYhqaQFTf6xTiL2nXjyNzt0k_k6tggsg.JPEG%2FE5CF44C1-C610-45FB-9510-BF485A07F05D.jpeg%3Ftype%3Dw1500_60_sharpen
감나무집기사식당,https://search.pstatic.net/common/?autoRotate=true&type=w560_sharpen&src=https%3A%2F%2Fpup-review-phinf.pstatic.net%2FMjAyMzA5MTBfMTQz%2FMDAxNjk0MzMzMzM3NjMz.hnqL1izG3l03e7ERBVn2afvHsK4h6uN4B7DcHXAn9rIg.zbIZx2iriA0k00wvVFRbSahN9wuVQEyK2BipNLvnyeQg.JPEG%2F20230910_120154.jpg
안동국시소람,https://c2.staticflickr.com/8/7300/16329377449_698efb8f71_z.jpg
명문막국수,https://ldb-phinf.pstatic.net/20181111_149/15419468694060RO8i_JPEG/u3bxF25__cexEXaU9XqS5tA7.jpg
슈치쿠,https://search.pstatic.net/common/?src=https%3A%2F%2Fldb-phinf.pstatic.net%2F20200515_169%2F1589533867157RWBQn_JPEG%2FVvMIdZXIG6XwUubYFrvrskBq.jpg
청수횟집,http://tong.visitkorea.or.kr/cms/resource/97/1807297_image2_1.jpg
강서면옥,http://post.phinf.naver.net/MjAxODEyMTVfMzgg/MDAxNTQ0ODYyNDM3MDk2.NRNkswAnHhADApH-89E1zD5iEFhA6SJs0NmsaSW81WIg.5vJvXJ-jZue6eTPMcErhD2J74-4Jxl9xJDMNhCX1mwUg.JPEG/It_D5RhZpSKB_J4Fd75mx3oEKzLA.jpg
진남회집,https://pup-review-phinf.pstatic.net/MjAyMzA0MDlfMTcx/MDAxNjgxMDIwNDQxNjU0.3y_-zD-FiUX85io-V48cYY06FPEo5rvQq9jtOWJdjGAg.FPTqWBMiJgtFPa8IYZusoqjNcvAh4cAHAKIQfNjVvKgg.JPEG/20230210_175750.jpg?type=w828_60_sharpen
커피친구,https://cdn.visitkorea.or.kr/img/call?cmd=VIEW&id=d1dbdf8c-170f-4d64-9178-5ef3dbba98e2
키다리아저씨,https://cdn.visitkorea.or.kr/img/call?cmd=VIEW&id=c60eba4e-847a-4df5-bf6b-26c14383e90a
원조이화감자국,https://ldb-phinf.pstatic.net/20160225_235/14563787638744t0Xb_JPEG/176175546941626_12.jpg
상락원,https://search.pstatic.net/common/?src=https%3A%2F%2Fldb-phinf.pstatic.net%2F20190721_89%2F1563704860707sX9mm_JPEG%2FZghZDKtY6QxstZ_hHiTY1wq8.jpeg.jpg
더플레이스다이닝,https://search.pstatic.net/common/?src=https%3A%2F%2Fldb-phinf.pstatic.net%2F20230119_88%2F1674126802913q4VdB_PNG%2F%25B4%25F5%25C7%25C3%25B4%25D94.PNG
비노인빌라,https://search.pstatic.net/common/?src=http%3A%2F%2Fblogfiles.naver.net%2FMjAyNDA0MjNfMTgy%2FMDAxNzEzODgwMDU1NzU5.jvSoNmYP7kf_qvGrPYHzEaXO3rBieFdJB38SQOwnUSgg.q8AoYskXWWsJo8xRC2E-VlMm3ScZRgo9YNFRaZaFAQgg.JPEG%2F20240421%25A3%25DF201741.jpg
강남목장,http://post.phinf.naver.net/20160520_243/14637182303321Laym_JPEG/IBOvf4nVldz7n8mxWLxSEF1N_RsU.jpg
학림다방,http://post.phinf.naver.net/MjAxOTA5MzBfMjA5/MDAxNTY5ODMwODk5NTQx.6DEtJRg5uyQy27Lka7vJV79kJOy6SpxcLcCejPej9owg.qrVE8MdRMW0QJ5aToD-4kjvQohOqZ9fCa5PerFTfiy0g.JPEG/IUq3MTL9E32BOXBAvDLmMAyRnz9s.jpg
마지,https://search.pstatic.net/common/?src=http%3A%2F%2Fblogfiles.naver.net%2FMjAyNDAzMjFfMTMx%2FMDAxNzEwOTY3NTE1NDc4.gV0xNqT37pvl-MAqOyhRkov_S31v5dYYERP-SPGrbW4g.ntyDZw0xo8S-oekotXiyxDjvTo9Qz86jmKIf2ur8f2Ig.JPEG%2FIMG_6153.jpeg
BK볏짚 우대갈비 장안동본점,https://ldb-phinf.pstatic.net/20240106_17/1704523135511Wts3c_JPEG/1000004795.jpg
풍류사랑,https://search.pstatic.net/common/?src=http%3A%2F%2Fblogfiles.naver.net%2FMjAxNzA2MjhfMjYx%2FMDAxNDk4NjU2OTk2NTk5.MVaGnlO5qoNeI_izDSMKr2429kzhVnszDvZCtcwyxqgg.xbM97E4qVbonPQ3GUMUOFlnuNX0xKpOfl5xhSbd3geEg.JPEG.hyun-dori%2FSAM_3132-01.jpg
부빙,https://tong.visitkorea.or.kr/cms/resource/51/1922451_image2_1.jpg
장프리고,http://post.phinf.naver.net/MjAxOTExMTJfMjAg/MDAxNTczNTIwNzE0Mjk2.FOnIIh95RbfN37eLUTDm158zClTeEpUjxqPMy51psyIg.10izYhUxMs1REygaUgTVqkhkpygMVouMvMcfinsN3pcg.PNG/IxDHc4q_BpehWXCzxEu0gNRbFE8A.jpg
메이징에이,http://post.phinf.naver.net/MjAxNzExMjhfMTUx/MDAxNTExODQ4ODYzNTAw.EAHS2qNs5iwB2Ww4yrFei7TDGCvYUyd9XzHxkT32tbgg._0WOaCXkrt0acF8vRnFuPWyjNJuugaICduQEYIIHTCAg.PNG/Iqf_rSWIULmoT33e2J-ET1v41YgE.jpg
해품장팔팔장어,https://modo-phinf.pstatic.net/20200123_17/1579765288198AeP75_PNG/mosaJQAirY.png
은주정,https://search.pstatic.net/common/?src=https%3A%2F%2Fldb-phinf.pstatic.net%2F20160108_159%2F1452234909518hx6e7_JPEG%2F176058556528920_1.jpg
외양간,https://search.pstatic.net/common/?src=https%3A%2F%2Fpup-review-phinf.pstatic.net%2FMjAyNDA2MDNfOTQg%2FMDAxNzE3NDE4ODYyODQ1.NJFi9yevhmmM2pnvMpczSgAJWIrZw7UB1GShCv-0PQkg.XkexcA1AdmONAp77dJMH2jqh1uwL7cy1o4kFGoSIHDIg.JPEG%2F5AC4D1BD-BDA5-4EEA-800D-66C15CFA2CD9.jpeg%3Ftype%3Dw1500_60_sharpen
레이지파머스,https://search.pstatic.net/common/?src=https%3A%2F%2Fldb-phinf.pstatic.net%2F20240111_111%2F1704966112534WK7Y5_JPEG%2FKJH02352%25284x5%2529.jpg
아이해브어드림,https://ldb-phinf.pstatic.net/20171130_124/1511980125485z6fHn_JPEG/image.JPEG
모모야마,https://search.pstatic.net/common/?src=https%3A%2F%2Fldb-phinf.pstatic.net%2F20180921_180%2F1537509962234FdBiD_JPEG%2FIMG_4715_%25282%2529.JPG
코리아하우스,http://post.phinf.naver.net/MjAxNzAzMTRfMTcz/MDAxNDg5NDE5MTYzMDk0.uuK_oV4jp2PwKrgE_yFdzwVFH_CfVdDmxMUSkqeIVtgg.CIYuL_t4f5asVytzyj3Qb9CGVOs0bOPtr0sYe9Pp7Fcg.JPEG/IIPDhfUU5T475rAmx_mP_iq8_Dck.jpg
한쿡 N서울타워,https://search.pstatic.net/common/?src=https%3A%2F%2Fpup-review-phinf.pstatic.net%2FMjAyNDA2MDRfMjIz%2FMDAxNzE3NTEyNDI5MjAz.ydL2cXd3E1EHgBiS73QEKAjEjJU0FPpoYPUCZdzr3iUg.dLgJqYKiWadwAD8wW61-eAdT3nn-UlfvlgyebFOAUcEg.JPEG%2F20240525_185457.jpg.jpg%3Ftype%3Dw1500_60_sharpen
더 우리곱창,https://ldb-phinf.pstatic.net/20231020_231/1697792893483qLnJ0_JPEG/KakaoTalk_20231020_180740765_01.jpg
헤이더그린,https://search.pstatic.net/common/?src=https%3A%2F%2Fldb-phinf.pstatic.net%2F20210915_1%2F1631694850214e7iAv_JPEG%2FcUSF6jFYhbgY5GIuZW2qsXDj.jpg
칠형제우리감자탕,http://post.phinf.naver.net/MjAxNzA4MDNfMTQ2/MDAxNTAxNzUwNjEwMjMx.o7rKRePC5XesEHNGdSMYyprWqIvQzAtJeOZSzBrKFckg.IMyZnT5P9W6iyyiXUlwbZPXgA5MqxGvQbIlA52Cbqm0g.JPEG/Igy2HgNsaAXWpkN3Cjnx9925GD2A.jpg
오라이등심,https://cdn.visitkorea.or.kr/img/call?cmd=VIEW&id=56646d6e-3057-4198-9e66-127aedbf0e9e
동경,https://search.pstatic.net/common/?src=https%3A%2F%2Fpup-review-phinf.pstatic.net%2FMjAyNDA2MDVfMjE1%2FMDAxNzE3NTY2NzQzMjQ0.Ur6R9ImVcWU-APm4_c13lUHiFvNjCrEruCKZYeK25p0g.kvvihm0JUt0gLaHojJ8zdu9_LzBnRFrFDWoHBb0o1-Ig.JPEG%2FAA5EDBF3-4EC0-4361-9876-8C9F905DBFAE.jpeg%3Ftype%3Dw1500_60_sharpen
황금정원,https://search.pstatic.net/common/?src=https%3A%2F%2Fldb-phinf.pstatic.net%2F20191124_241%2F1574594651921wACbq_JPEG%2FlkBVqm2T8WVEOgnizMO5MW7M.jpg
늘푸른목장 잠실본점,https://ldb-phinf.pstatic.net/20240420_172/17135424574522Qjc7_JPEG/IMG_2617.jpeg
백제추어탕 본점,https://search.pstatic.net/common/?autoRotate=true&type=w560_sharpen&src=https%3A%2F%2Fpup-review-phinf.pstatic.net%2FMjAyMzA3MDNfMjY3%2FMDAxNjg4Mzk1Nzk2NDI2.Pquvgokp4CElksMz9obnz1hHwdanVMQYrGwaWUMi5Acg.8eoWANJ-Bph1RXJguFP9wwOhGejTOj3BKRgPEMdXeNUg.JPEG%2FIMG_20230703_232237_261.jpg.jpg
몽중헌 청담점,https://search.pstatic.net/common/?autoRotate=true&type=w560_sharpen&src=https%3A%2F%2Fpup-review-phinf.pstatic.net%2FMjAyMzA3MDlfODUg%2FMDAxNjg4OTAzNzY1ODg4.WEY-L4HNpQLKXDzhkDDLbTquU5W81UolJ4v8W6wEMHEg.BE9LfK4oflegl_shH4OLupgi8hCgUWgWCqRNa6B9bzog.JPEG%2FC97EACD4-A95A-464E-92AD-94CCA7A85EC8.jpeg
충남식당,http://post.phinf.naver.net/MjAxOTAyMjJfMjcz/MDAxNTUwODI2MzMzMTMw.ETsO40CHFZ8SSECPAsn1JhzybQKln-a2-VXA2eIv45og.TulqugKmaYOQx0wxXLnskegg0v3s67Pr8loQm_XL-PYg.JPEG/IQy5wZhrabzw1F3RUWNQJMw6Tj0I.jpg
도읍지,https://search.pstatic.net/common/?src=https%3A%2F%2Fldb-phinf.pstatic.net%2F20180808_244%2F1533711665087atgXU_JPEG%2FGu7grfCcbJHJqdftpLTSwYmP.jpg
서울원조아구찜,https://cdn.visitkorea.or.kr/img/call?cmd=VIEW&id=259c7ee0-7952-444a-8479-696f51ef5b37
프로퍼커피바2호점,http://tong.visitkorea.or.kr/cms/resource/81/2840081_image2_1.jpg
우정,https://search.pstatic.net/common/?src=https%3A%2F%2Fpup-review-phinf.pstatic.net%2FMjAyNDA2MDVfMjk5%2FMDAxNzE3NTIyNjkxNzAw.YJRX-olOsimEvfSuqpvDhMg4qjtl_NA99WhnCSltGlgg.TGhP3G3la2quU4V7eej_2JpRsG3zM1SH9IKa3bi1er0g.JPEG%2F06F28102-41B3-4811-998F-A92490F23ED2.jpeg%3Ftype%3Dw1500_60_sharpen
제주국수,http://post.phinf.naver.net/MjAxNzEwMjNfMjE3/MDAxNTA4NzU5MDY3OTM0.74G2ESwJ0B78HfN8xy00GGXxmL2WzJuknvF1fl8xTvgg.0R3ec9yY8KkWRQSqxmd4lCMB0EsrDcqLmv89PP-AnpAg.JPEG/IYlN6CrCO2H5sUxmidKxZUctVow4.jpg
사동면옥,https://search.pstatic.net/common/?src=https%3A%2F%2Fldb-phinf.pstatic.net%2F20151104_269%2F1446628545562P0j88_JPEG%2F167054584564350_0.jpg
두에꼬제,https://cdn.visitkorea.or.kr/img/call?cmd=VIEW&id=9bea8214-0357-4053-857f-2123e65230ca
진원조 닭한마리,https://ldb-phinf.pstatic.net/20200201_49/1580483121628X5N8f_JPEG/vm92qkvryaxZpYH8uSdii0uS.jpeg.jpg
호남집,https://search.pstatic.net/common/?autoRotate=true&type=w560_sharpen&src=http%3A%2F%2Fblogfiles.naver.net%2FMjAyMzA3MDdfNTkg%2FMDAxNjg4NzAwNjUxMzA3.-Zt9UT_nSvTyrLi5AoCGPq10D0dt6y5OU08umzU28jMg.PD-Ip9KAlPY-IdOeOP7I92zJKN_iIcD-WeUqv6vjLAog.JPEG.omothohund%2F20230627%25A3%25DF192958.jpg
대풍간장게장생선구이,https://ldb-phinf.pstatic.net/20190530_27/1559200057648JwgjC_JPEG/PeFHkwEaO8YwLwaOCF8MjMXR.jpeg.jpg
태조대림감자국,https://ldb-phinf.pstatic.net/20160225_267/1456378804046aByE0_JPEG/176175547022252_10.jpg
산띠 서교점,https://ldb-phinf.pstatic.net/20200903_273/1599132968436KK2wc_JPEG/DryVUHhL51yWYcQwIW9WgWS6.jpg
신옛찻집,https://ldb-phinf.pstatic.net/20200708_23/1594214875470hmbYB_JPEG/pY6zk_O0_cKgE4QvpbOfdcn7.jpeg.jpg
청해진(강동구),https://search.pstatic.net/common/?src=http%3A%2F%2Fimage.nmv.naver.net%2Fblog_2024_03_28_51%2F3fda0719-ecd0-11ee-a0d9-b4055dcdfd62_01.jpg
마장갈비,https://ldb-phinf.pstatic.net/20190131_275/1548930475672DBPxT_JPEG/iaZPBqo9f1f1dyTxQP0vf2GC.jpg
엘샌드위치 종로점,https://search.pstatic.net/common/?src=https%3A%2F%2Fldb-phinf.pstatic.net%2F20190605_121%2F1559732429774Ydc7m_JPEG%2FEa85INCddvvCi2hrnlCdyRcj.jpg
허형만의 압구정커피집,https://search.pstatic.net/common/?src=https%3A%2F%2Fldb-phinf.pstatic.net%2F20190130_158%2F15488244793962v2yy_JPEG%2F1a3Gq-Vp24ArIblW3sGADXzj.jpeg.jpg
비스테까,http://shop1.phinf.naver.net/20240215_95/17079426719135B1QB_JPEG/4198822788201512_1624754446.jpg
함흥에겨울냉면,https://ldb-phinf.pstatic.net/20240502_124/17146384187869IglL_JPEG/0D3F6645-89C5-40A7-92B4-650C143185C4.jpeg
친니,https://search.pstatic.net/common/?src=https%3A%2F%2Fldb-phinf.pstatic.net%2F20230421_222%2F1682040066969XQVXV_JPEG%2F%25C4%25A3%25B4%25CF_%25C5%25C1%25BC%25F6%25C0%25B0_%25C2%25AB%25BB%25CD_%25C2%25A5%25C0%25E5%25B8%25E9.JPG
장미삼계탕,https://ldb-phinf.pstatic.net/20200130_54/1580349938675fjY1m_JPEG/mkf9tJqFq350kDBUaGq0YzQT.jpg
오다리집,http://post.phinf.naver.net/MjAyMjEyMTdfODEg/MDAxNjcxMjAzMTQwOTc2.7QUPnQjs-78Fo9ILcJMzM3kZNNQvBClCZnVR08_kkfUg.2dGH8rax0--cVWrTWs7OjrVM-TQq4skoGYvLe6VuILwg.JPEG/I-X1dYNkaepvZ6ATHRaCLP6gb0B0.jpg
서석대,http://post.phinf.naver.net/MjAxNjExMjJfOSAg/MDAxNDc5Nzc4NzM0OTQ5.zS_EraJN4Q7h7FCSU7cUg2t7Pcl-7hF-whdzphd37Jsg.TI-K5_8Xxg4YN0Bd9RgRAkaQRBJp_2KlsEGyqtYpb7Eg.JPEG/Ie9wlzeSGDoXKoF5F6c7ZgYrsCvg.jpg
산들애건강밥상,https://cdn.visitkorea.or.kr/img/call?cmd=VIEW&id=4c815e3f-5c42-4f06-918a-60c8165a377e
하이디라오 서초지점,https://search.pstatic.net/common/?src=https%3A%2F%2Fnaverbooking-phinf.pstatic.net%2F20231025_15%2F1698211713629glQAU_PNG%2F-3cWUS6vZ-8NvglUNWekEzpW.png
명동부대찌개 명동황기족발,http://post.phinf.naver.net/20160830_156/1472546551414VGQL6_JPEG/IZX-59Slo1TQ12W97tOeVnRamxsI.jpg
남포면옥,http://post.phinf.naver.net/MjAxNzEwMjZfMTEw/MDAxNTA4OTg5NDg0Mzcx.cL2BEeepOpR9X-2WmAZRyicaieK1t4LJqlIRwbEynZsg.Femz70JuuAbM5Gkvp8hymEm5aXQ90lKygarE8CbGcbgg.JPEG/IZw7kQIZ7lySxnvBwcGbB9QtaYfc.jpg
진미평양냉면,http://cfile212.uf.daum.net/image/99250B335A125CA10950A5
아리랑,https://search.pstatic.net/common/?src=https%3A%2F%2Fldb-phinf.pstatic.net%2F20200820_279%2F1597901407861JtGnO_JPEG%2F3.%25BD%25A1%25BA%25D2%25BB%25FD%25B0%25A5%25BA%25F1.jpg
금돼지식당,http://post.phinf.naver.net/MjAyMDA1MjNfNTcg/MDAxNTkwMjQxMjg3OTQx.J-_XemQ0onZjXJBbJmB4m8yOOYRS-ea_yzyy2MpdwYIg.k-ricI3aiMoQN9624k34P-MCWQ2MP03zgbj9saC0GeIg.JPEG/I77TdgCBlL2xdJ2YZQWjv1IEljYY.jpg
전주식당,https://cdn.visitkorea.or.kr/img/call?cmd=VIEW&id=5c306e34-73bc-441c-9634-e4d183ba25a0
전주유할머니비빔밥,https://cdn.visitkorea.or.kr/img/call?cmd=VIEW&id=4b5738ab-874c-48e6-8800-6dfb10e390bb
카페 폭포,https://cdn.visitkorea.or.kr/img/call?cmd=VIEW&id=5c3707e1-c0c7-4e78-8af0-b046d236fc38
국시집,http://post.phinf.naver.net/MjAxODA2MTlfMTQw/MDAxNTI5MzcxNTU0MTM4.MpwnMM5bUZpfZYnSudXpKRNDcbn3ZyqU3jHSMxvg5xkg.u8ccOcri1r4LgjZ5VVLdUXrB_p3SHo8PkvLMLBqEoU8g.JPEG/IJrVUORrJLIx83U10T5vbN8bA7-Q.jpg
갈비명가이상 돈암본관,https://cdn.visitkorea.or.kr/img/call?cmd=VIEW&id=40347682-32af-4f2f-b006-ec9ab67f22d2
개화,https://search.pstatic.net/common/?src=https%3A%2F%2Fldb-phinf.pstatic.net%2F20230518_210%2F16843836809825TSBn_JPEG%2F1_%25B8%25DE%25C0%25CE_02.jpg
삼호복집 신촌,http://tong.visitkorea.or.kr/cms/resource/62/1900462_image2_1.jpg
해랑,https://search.pstatic.net/common/?src=https%3A%2F%2Fldb-phinf.pstatic.net%2F20240203_82%2F1706949042326FBfvJ_JPEG%2FKakaoTalk_20240112_144542551_02.jpg
종가집,https://search.pstatic.net/common/?src=https%3A%2F%2Fldb-phinf.pstatic.net%2F20220614_35%2F1655193082979iuc6l_PNG%2F20220614_165103.png
주은감자탕,http://post.phinf.naver.net/MjAyMDA0MjZfNDUg/MDAxNTg3OTAwOTY4MzQx.hCbYDA5e7suvXVvlBnVuSkLm7JCMEE7LPacgAnrMZE4g.P8dri4oWfBmWZsgRCanXfZZClEMIoJM7f0ecpiLy7PAg.JPEG/IGsZTArns1of27ADFXBrJ_QLWdcc.jpg
신안촌,https://postfiles.pstatic.net/MjAyMDEyMDNfMjM4/MDAxNjA2OTcwMjY1MzIw.eRs_fpYwSz98wStkSaFq10Ttv-akBcqkv2iPHDZbgWQg.PdOLwpZNG0QPquWj-jW1wYZLRceZSz0OT4e4uYWH5aAg.JPEG.rhslrhsl4/DSC_1158.JPG?type=w773
라브리,https://cdn.visitkorea.or.kr/img/call?cmd=VIEW&id=07f62cb6-0195-491a-a29f-e35aebdea5c7
오우가,https://search.pstatic.net/common/?src=https%3A%2F%2Fldb-phinf.pstatic.net%2F20240124_218%2F17060676636365zBhk_JPEG%2Fimage0_%25281%2529.jpeg
이닝,https://search.pstatic.net/common/?src=https%3A%2F%2Fpup-review-phinf.pstatic.net%2FMjAyNDA1MjlfMTAw%2FMDAxNzE2OTU5ODA0Nzg3.Fdr1DuFOV1Yz_GBJQCsGEBo4681MpnNujFIgPls6JOYg.I0zd-7rmQwEtOVMidvTU5XN7ZAqZ6ATuTLMydMfrMXEg.JPEG%2F2024-05-21-18-41-13-679.jpg.jpg%3Ftype%3Dw1500_60_sharpen
박가네빈대떡,https://modo-phinf.pstatic.net/20180723_74/15323361842514kiQP_JPEG/mosaZh1fbq.jpeg
원대구탕,https://search.pstatic.net/common/?autoRotate=true&type=w560_sharpen&src=https%3A%2F%2Fpup-review-phinf.pstatic.net%2FMjAyMzA1MDhfMTE3%2FMDAxNjgzNTI1ODc1MzUy.K1tTOagG89kuH4516h488uQreBiiNzD296bNrMWOTYcg.XSSEu2ZDuaBllHSlqKm_k07IfvhmSsPiIcxXCZFshMQg.JPEG%2F20230429_115753.jpg
전통다원,https://dbscthumb-phinf.pstatic.net/2765_000_61/20181026155151538_EOLFOE9Z0.jpg/937955.jpg?type=m4500_4500_fst
은호식당,http://cfile209.uf.daum.net/image/263D774A555822E70DDE54
옛날중국집,https://search.pstatic.net/common/?autoRotate=true&type=w560_sharpen&src=https%3A%2F%2Fpup-review-phinf.pstatic.net%2FMjAyMzA4MjBfMjM4%2FMDAxNjkyNTM0NzA5NjA1.TXllzHg4w61x3naoqO9NGkvd9-LyElOPp9lz5MtIXTUg.D4fJGc7WlFMjuxggD363p0cUBf_41A0uJDl_GQKWXQMg.JPEG%2FIMG_8508.jpeg
완차이,https://search.pstatic.net/common/?src=https%3A%2F%2Fpup-review-phinf.pstatic.net%2FMjAyNDA1MjVfMjI4%2FMDAxNzE2NjM0NzMxNzQ3.UTbbi8VDwVCfBdznC-X3fG4_Caj5R6x6CzEi0Vsu0bUg._DtC5LQhU99KhmOF7UJQsodclNGtq1FSXrglRQsHyoog.JPEG%2F20240525_185903.jpg.jpg%3Ftype%3Dw1500_60_sharpen
너비집,https://ldb-phinf.pstatic.net/20230515_132/16841326827555JfAi_JPEG/KakaoTalk_20230210_143125978.jpg
남원집,http://post.phinf.naver.net/20150317_17/3570581_1426554015658UD9JS_JPEG/mug_obj_142655401566327668.jpg
메종 드 라 카테고리,https://search.pstatic.net/common/?src=https%3A%2F%2Fpup-review-phinf.pstatic.net%2FMjAyNDA1MjdfMTk1%2FMDAxNzE2Nzg1ODQ4MjQw.KW3WHIZ39NKWhoMRPtIleh7Yoh5di0cAaaerEYJ72gcg.gDUzflnuqM4knghJ6JGAZ2yGoyk9peSdsZCaG0FV8X8g.JPEG%2F20240525_152706.jpg.jpg%3Ftype%3Dw1500_60_sharpen
꼼떼 바베큐 둔촌본점,https://ldb-phinf.pstatic.net/20231221_235/1703148475138GC7BJ_JPEG/KakaoTalk_20231221_171437712_05.jpg
마산옥,https://search.pstatic.net/common/?src=https%3A%2F%2Fpup-review-phinf.pstatic.net%2FMjAyNDA1MDdfMjMy%2FMDAxNzE1MDQ0NzkyMTA0.jMAhh04ZOp5OFmAWvg-SHqjpH_m7y61CNO-mqlBSGIog.xusO5VqoDAZOPi0U_g2jqOfh35hswwgBju-ETtYulaMg.JPEG%2F71A334E6-1CFA-421A-A853-75A64928E255.jpeg%3Ftype%3Dw1500_60_sharpen
오향족발,http://post.phinf.naver.net/MjAxNzAzMTBfMjc0/MDAxNDg5MTM2OTExODgw.9KME40jxfGzBoSNb0HdGJNgALMX4pLcts5a_B6c41a0g.VRIkZaSSWW3dA7Lyjw_tdGzNmtgLMk5qvu2gum-ZRcUg.JPEG/IsSnZsMRFUEDmWOKwasUHzBNseCo.jpg
봉피양 방이점,http://tong.visitkorea.or.kr/cms/resource/75/2477775_image2_1.jpg
우스마니아,http://tong.visitkorea.or.kr/cms/resource/04/818904_image2_1.jpg
타볼로24,https://search.pstatic.net/common/?src=https%3A%2F%2Fldb-phinf.pstatic.net%2F20220920_137%2F1663638564821uD1mw_JPEG%2F220916_JW_Marriott_DDM_0119.jpg
뜰과다원,https://ldb-phinf.pstatic.net/20220322_132/1647945472928XLQPI_JPEG/20191222_201034.jpg
안동할매청국장,https://ldb-phinf.pstatic.net/20181031_259/1540950986696Xc9GV_JPEG/Ra9M5LBrPmGIqIpC6JUGeYZk.jpg
고향풍천장어,https://ldb-phinf.pstatic.net/20200504_238/1588518912316slpOE_JPEG/D1BOuXyWubyW88k_5PqY2yLX.jpg
린스시,https://search.pstatic.net/common/?src=https%3A%2F%2Fpup-review-phinf.pstatic.net%2FMjAyMzAzMjJfMjEg%2FMDAxNjc5NDYzODU0NTM3.-tEC6ZdprEmGvXOIyBG7R_dubudFRSMYq4WGxjxyQd8g.h939oElf4RyuJixBSoEVSv1W1VDC_K_7UmkvlA8ZiLcg.JPEG%2F20230322_121220.jpg%3Ftype%3Dw1500_60_sharpen
스시조,https://search.pstatic.net/common/?autoRotate=true&type=w560_sharpen&src=https%3A%2F%2Fpup-review-phinf.pstatic.net%2FMjAyMzA4MzFfMzEg%2FMDAxNjkzNDcxNjgxMjM4.B-FlF7aFfum1AlRYv9FuR_9RC8_wg6UPTDSSydkA2Skg.b0pPhYQV7FUJXA7ayJKT3KlmP0xzX3lhov9z9i5haUkg.JPEG%2FCCC758E1-FBB8-48FD-8B04-4C83B10A0027.jpeg
역전회관,http://post.phinf.naver.net/MjAxODA0MjBfMjg5/MDAxNTI0MjAxODcyOTc4.cT-xe55n7geAGeiR2yBrcNO3tnrwLWTKM3esyCHoeEQg.GdjkYJUqqfc8rKW5efs3lfLqDkWFE21OGU65i7X7L8Ag.JPEG/In0ZLMmfxtT7D1QTZJX7j77MbHiE.jpg
마포소문난원조족발,http://post.phinf.naver.net/MjAxNzA4MDhfMjIy/MDAxNTAyMTk2NTI4NjAy.O9qAp-fnsm8fBJ3sF29tvJU7eGdW_ortRCMwLWrtmfgg.Ol7lhs5qSwZhq5fmrf1dyH66d4BensCJ6joucog2e2wg.JPEG/IwpnJlWcY17-dGoFdkOyMwvADV2U.jpg
워킹온더클라우드,https://pup-review-phinf.pstatic.net/MjAyMzA0MTdfMTUg/MDAxNjgxNzM5MTc0ODUz.2x4E2T3zc-lfZIvsL1UZ_G6Hf2oUtEGw9-qQ-IEcIkQg.zhEgcdXlJ73rDBJ4QSHYEz7qSfxx2gQ14l6J5ijD8Wkg.JPEG/1681737783780.jpg?type=w828_60_sharpen
니와,https://search.pstatic.net/common/?src=https%3A%2F%2Fldb-phinf.pstatic.net%2F20150831_179%2F1440993660268uAufd_JPEG%2F11882969_0.jpg
제비다방,https://tong.visitkorea.or.kr/cms/resource/64/1941564_image2_1.jpg
사랑채,https://search.pstatic.net/common/?src=https%3A%2F%2Fnaverbooking-phinf.pstatic.net%2F20230721_130%2F1689933152236P2MJk_JPEG%2FKakaoTalk_20230721_184314621_01.jpg
루이,https://search.pstatic.net/common/?src=https%3A%2F%2Fldb-phinf.pstatic.net%2F20190521_84%2F1558418041994sHBkn_JPEG%2FYyIH7gENkRCH2j1slNFuGaHh.jpg
동해도 광화문,http://post.phinf.naver.net/MjAxODA0MDFfMjcg/MDAxNTIyNTczNjkwMzUx.QmCuK61_Rj2wCIXaExu5PvEloiDIpIdlFwnDtsOerVIg.DLPT7nx3wLNpz4kwCzGbzad13DlNHVD6yzB8Ajzw3Pgg.JPEG/Iz3fu2KbyLK_C0l4FSeKl9VamSAs.jpg
희락갈치,https://pup-review-phinf.pstatic.net/MjAyMzAyMTJfMjMz/MDAxNjc2MTgyOTU1MDMy.eFBzp_JXOSHncZGhYPmcvEQ0FPHRSach8uewfhCwma8g.vNgDKO4_OD7O5wUiiqxhV6179gld0nChp_1hCWtzz3og.JPEG/16FD7B82-CC07-4A30-B3B7-53EB91BC2964.jpeg?type=w828_60_sharpen
현대칼국수,http://tong.visitkorea.or.kr/cms/resource/80/1290680_image2_1.jpg
장안동 먹깨비 간장게장 해물아구찜,https://ldb-phinf.pstatic.net/20210714_66/1626237762008zSunV_JPEG/-E8Nw8y4DQHB__jfGcWOUnFw.JPG.jpg
미림산장,https://ldb-phinf.pstatic.net/20170628_262/1498631152641SF1yH_JPEG/image.JPEG
청담나인,http://post.phinf.naver.net/MjAyNDAzMTVfMjAz/MDAxNzEwNDgxNDQwMTky.POrqnD16cyB9M-Liws1QX7ObvVotITuaGBBPdcYdz2cg.Q5elTD-IjIZS8lutjnd4jJG7KKeRvRfPAywVLmyTTm0g.PNG/I7kvZWhh3874XOPr4ErDfqIhlx7k.jpg
신강양꼬치,https://ldb-phinf.pstatic.net/20230901_104/16935353249652ybhP_JPEG/%B8%B6%B6%F3%BE%E7%B0%A5%BA%F1%B2%BF%C4%A1_10%B2%BF%C4%A1_18%2C000%BF%F8.jpg
화니 신세계 강남점,https://cdn.visitkorea.or.kr/img/call?cmd=VIEW&id=8b45d9e3-ef68-4d41-be90-49bc4f2e5849
돈까스잔치 동빙고점,http://tong.visitkorea.or.kr/cms/resource/00/2837900_image2_1.jpg
신촌 닭한마리 유닭스토리,https://ldb-phinf.pstatic.net/20200919_131/1600516413818AtSFh_JPEG/lMLSbS0O2t4fTVvj-Js9fTDW.jpg
꼴라주,https://search.pstatic.net/common/?src=https%3A%2F%2Fldb-phinf.pstatic.net%2F20181114_74%2F1542177063100IMWcr_JPEG%2Fg9HK-eU88tTn6W46ozF7q3ON.jpg
카나디안 랍스터,https://ldb-phinf.pstatic.net/20160108_259/1452233654121JwGz8_JPEG/176058554432132_9.jpg
청해진,https://search.pstatic.net/common/?src=https%3A%2F%2Fpup-review-phinf.pstatic.net%2FMjAyNDA2MDZfNzcg%2FMDAxNzE3Njc2MjA2OTk2._egieQrcim-eQbENHBd6uBDK2Z8YTcWtSMP3UEj3SMAg.4a0CI5pz47YsxkC8CFYl5ozON3WCVTqWIFz1VHmWJwcg.JPEG%2F23DEBF3E-1E56-4F72-8609-38461DA18C68.jpeg%3Ftype%3Dw1500_60_sharpen
한모네 순대국,http://tong.visitkorea.or.kr/cms/resource/68/2372568_image2_1.jpg
마쯔야,http://post.phinf.naver.net/MjAxNzEyMzFfMjA1/MDAxNTE0Njg3ODI0MDg0.9rGlpYCoTKqCvH77axkLOc2pEzw--JYPJBzZMWFW128g.6EdAzUsnPolvdy-1Hxw7lo64JnMFbF6YqnNtlykrzYMg.JPEG/I6naYP0vra57Orzg1NoRGfuP9zQU.jpg
춘천집닭갈비막국수,https://tong.visitkorea.or.kr/cms/resource/88/1901188_image2_1.jpg
또순이원조순대,http://tong.visitkorea.or.kr/cms/resource/57/1922257_image2_1.jpg
타지펠리스 이태원점,https://search.pstatic.net/common/?src=https%3A%2F%2Fpup-review-phinf.pstatic.net%2FMjAyNDA0MjZfMjQ3%2FMDAxNzE0MTM2MDk1MjQx.bAnrH0WKxZOxW1YKM64XAp29rBipFf2dmHWMpeR2gswg.LVh7l6cCgdr9n7Xp2phZlnUWrE7qC-k5mwdKi5pmSWAg.JPEG%2F711BE7BB-7452-4BC1-ACDE-436D2CC22D08.jpeg%3Ftype%3Dw1500_60_sharpen
우리집떡볶이,https://ldb-phinf.pstatic.net/20190118_15/1547772640186L9afS_JPEG/JEVUyVUebN779UKzez_Epufp.jpg
비하인드,https://cdn.visitkorea.or.kr/img/call?cmd=VIEW&id=3dd98c51-cecf-4430-bdfd-df2c686d82a0
미니네,https://cdn.visitkorea.or.kr/img/call?cmd=VIEW&id=7bd659be-c08e-4ecc-b760-eda8b7b2ef23
파툼,http://tong.visitkorea.or.kr/cms/resource/82/1901182_image2_1.jpg
노천파전,https://search.pstatic.net/common/?autoRotate=true&type=w560_sharpen&src=http%3A%2F%2Fblogfiles.naver.net%2FMjAyMzA5MThfMjE5%2FMDAxNjk0OTYyODMzMzY5.TmaDi4c_7IgWie607ggMwgaQLpaaD6c4Unwlf4NyMDkg.p8MVJZcYnqygRF8M2FwR-GUmeqqMR02divWfILtSMVog.JPEG.gokdong02%2FKakaoTalk_20230917_234403489_03.jpg
비타포,https://ldb-phinf.pstatic.net/20230501_85/1682918059504SD0t1_JPEG/%C2%A5%C1%B6.JPG
일미간장게장본점,https://tong.visitkorea.or.kr/cms/resource/43/2769943_image2_1.jpg
홍루몽,https://search.pstatic.net/common/?src=https%3A%2F%2Fldb-phinf.pstatic.net%2F20190620_12%2F1561035098580IttOn_JPEG%2Fe_0Bufb_q9Ti5-8K3J9Z0Z6T.jpg
뿌자,https://search.pstatic.net/common/?src=https%3A%2F%2Fldb-phinf.pstatic.net%2F20201111_68%2F1605098939315nI1hA_JPEG%2FvOmHL0F_kd6PXejYS9ZyQNek.JPG.jpg
타마린드,https://cdn.visitkorea.or.kr/img/call?cmd=VIEW&id=96346e70-c909-41ac-8fef-e47c6be5488f
중앙갈치식당,http://post.phinf.naver.net/MjAxOTEyMThfNTUg/MDAxNTc2NjcxMjczNDk3.d47V2C8ofPuWloGszqipBp4sX1EdrjfDhhLygixMGw0g.5UhNIonKJ4vTxm1FEj0-s2qeAkRnhxPK-WmkoDJ3nFkg.JPEG/ITOYP07OnIaX_IAlZ3ebZhaTNv_g.jpg
홍어명가,https://ldb-phinf.pstatic.net/20191215_116/1576404728920yicIh_JPEG/F7Aw3owN3Wc3nubbz6_k_-zk.jpeg.jpg
마포유가궁중족발,https://ldb-phinf.pstatic.net/20160225_91/1456378593688Q3aIc_JPEG/176175546651665_10.jpg
밀화,https://search.pstatic.net/common/?src=https%3A%2F%2Fpup-review-phinf.pstatic.net%2FMjAyNDA2MDRfMTg1%2FMDAxNzE3NDc5MDY1NjMx.FHAQRvS5oOH1vwXTZwJRFr5Rw6R9-JKhIsXMGZ3yoWUg.1RlylPvRuwawZIZbVVU9dssk49FSoLIhrtkuBy7_ZAog.JPEG%2F65F04882-B1BB-4EEB-964A-F1E6717EDAD5.jpeg%3Ftype%3Dw1500_60_sharpen
아르모니움,http://postfiles14.naver.net/20150308_189/ladymoony_1425816847494NdS6t_JPEG/DSC06010.JPG?type=w1
초롱이고모부대찌개,http://tong.visitkorea.or.kr/cms/resource/20/1922320_image2_1.jpg
파크 하얏트 서울 코너스톤,https://ldb-phinf.pstatic.net/20181113_251/1542086586513vDvjG_JPEG/%C6%C4%C5%A9%C7%CF%BE%E6%C6%AE%BC%AD%BF%EF_%C4%DA%B3%CA%BD%BA%C5%E6.jpg
손가네곰국수,http://post.phinf.naver.net/MjAyMzAyMjRfMjcg/MDAxNjc3MjA5ODgyNDgz.MkbNFpGSGxyiadRjavucn6wL7dFGlilbKDKhOEdgWNkg.IZHCRzrSO6ziOE_PgK1fOGbpWgTQKvJC0aMu6TgFDFQg.JPEG/IM24XUTp7pLCHj-Mzqud5MfwlNag.jpg
메종 한남,https://ldb-phinf.pstatic.net/20210314_168/1615697847498rI2HR_JPEG/oABMJBGZ6nZgO7q-Ip4ttTn2.jpg
우성갈비,https://search.pstatic.net/common/?autoRotate=true&type=w560_sharpen&src=https%3A%2F%2Fmoment-phinf.pstatic.net%2FMjAyMjA0MDlfMTg5%2FMDAxNjQ5NDcwMzAwNDEx.3mIV6i50jYO0akn4hLSuvisqjIe_vaSZ5escrNjjZlYg.Qe4By54UcxEhNBCXLhK2mEdWdJh1vNTkjKof0hJADVkg.JPEG%2FE3F0D803-C99C-4D9F-A991-44B7277ABBFF.jpg
챠크라 한남점,https://cdn.visitkorea.or.kr/img/call?cmd=VIEW&id=0756b38d-a89c-4539-8b11-fc15c3f941c4
백마김씨네 도곡본점,http://tong.visitkorea.or.kr/cms/resource/97/2768897_image2_1.jpg
인터컨티넨탈 서울 코엑스 스카이 라운지,https://ldb-phinf.pstatic.net/20180302_9/1519971357418SDBM2_JPEG/GwTQcYj6BK9KqHQLMZMevvsC.jpg
서일순대국,https://tong.visitkorea.or.kr/cms/resource/74/2770474_image2_1.jpg
알디프 티 바,http://post.phinf.naver.net/MjAyMzEwMTJfMjU3/MDAxNjk3MDkyMjk3NTE0.kOcGD33Ww4HtdXl5WOBmvN6QjBwXu1XDp0Y0HAmoHuEg.7VHkFzs8sjiZIqcX5iNay1ziC8-7XpZbelZSchDaEgog.JPEG/ItLMRBXQNGUjzgmQ4geVJMRyAbv4.jpg
레스피레,https://cdn.visitkorea.or.kr/img/call?cmd=VIEW&id=8bc46ae6-c564-4cf8-97fb-872608750612
도원스타일,https://search.pstatic.net/common/?autoRotate=true&type=w560_sharpen&src=https%3A%2F%2Fpup-review-phinf.pstatic.net%2FMjAyMzA2MDJfMTAz%2FMDAxNjg1NzAzNDIyODA5.FZiAwkbFTg2xblsiKY6Y-fo_By1pF5cr1v86b9rY1SEg.-nXuwqP2CF5l1Y2bCxqnNhUHu356oNMQRVJ1HYUNCQog.JPEG%2F20230602_195505.jpg
비비브라운,https://ldb-phinf.pstatic.net/20240206_202/17071869458323ARA1_JPEG/KakaoTalk_20240206_113259162.jpg
이끼롤까스 가로수길본점,https://ldb-phinf.pstatic.net/20240305_254/1709638974292ybAkY_JPEG/16%C0%CC%B3%A2%B8%AE%C4%DA%C5%B8%BB%F8%B7%AF%B5%E5.jpg
1940금문,https://cdn.visitkorea.or.kr/img/call?cmd=VIEW&id=25459df9-d2fd-473f-8cd5-1505d3c344b8
코끼리베이글,http://post.phinf.naver.net/MjAyMDEyMTZfMjIw/MDAxNjA4MTAxMTEwNzA2.HrXe3b9qFkYrp_G8P6LJh-Uif6LSBvJlGqWYziaAvs4g.BiHLTFrOrCdqdSXSZ74i4XSp47_v5Z5rgzy6otKX4rcg.JPEG/ImrBFqP7PujOt5QWZkgPPrdgje4E.jpg
알페도,https://pup-review-phinf.pstatic.net/MjAyMzA0MjJfMTYg/MDAxNjgyMTM5ODIyNTMw.OQe5ctbOJEICEt4lm7VlACUe0n8WpXJlWA3fVCUKLlEg.z8Hkuoj3ocZijrzoSBEBDBcUS0ZwmmjqzYw8ZdZVvm4g.JPEG/C4366515-E10A-4D5F-8F73-709AE210D049.jpg?type=w828_60_sharpen
통일집,http://post.phinf.naver.net/MjAyMTA0MTRfMzcg/MDAxNjE4MzgxMDgyNzc3.Vkvo9BXZ5OY1TDh3svJXGFjiGYsUi_RPThAFfH6tarIg.BQMr-RydH7v9pjqpafjfFSyTcDhFrKybcmEPcH2JihUg.JPEG/IhmKxDdDM8lT2uRrZwTx4pD7JdHQ.jpg
아야진생태찌개 본점,https://ldb-phinf.pstatic.net/20170418_152/1492482236370T009q_JPEG/20170414_144943.jpg
히라메키,http://tong.visitkorea.or.kr/cms/resource/46/1838546_image2_1.jpg
하단,https://search.pstatic.net/common/?src=https%3A%2F%2Fldb-phinf.pstatic.net%2F20150831_127%2F144102585215356ypu_GIF%2F11710493_1.gif
새만포면옥,http://post.phinf.naver.net/MjAxNzEyMTJfMjky/MDAxNTEzMDMzMjE3MDk1.E9ieUuTqphPvZw1qdh9cOMvL7P6bInjz9fKiywLu6pgg.QRWX4IyxJAu9PlZrUWgov1w6Ej5NjPkUnfPRfuM9aV8g.JPEG/IdJR0s_VhIgfhffjd-3IL8oA3oL0.jpg
황토추어탕,http://tong.visitkorea.or.kr/cms/resource/90/1920690_image2_1.jpg
해담채 삼성점,https://ldb-phinf.pstatic.net/20220526_155/1653531154818NYvaf_JPEG/%C0%FA%B3%E1%C4%DA%BD%BA-%C7%D8%B4%E3%C3%A4-%B9%D9%B4%D9-A.jpg
까사빠보 신세계백화점본점,https://search.pstatic.net/common/?autoRotate=true&type=w560_sharpen&src=https%3A%2F%2Fpup-review-phinf.pstatic.net%2FMjAyMzA5MTlfMTkw%2FMDAxNjk1MTExODY5ODQ1.24qBQvIeZqFDtJ1mkuXrt2rtAzge0uvBBgnwpaevANog.ITCUSAigc7a8W5zZqSWbxSf8huJhqJENxb-UHnh5X1sg.JPEG%2F3E073407-51D4-4DA4-A35B-8395DF6C3210.jpeg
포포인츠 바이 쉐라톤 조선 서울역 더 이터리,https://ldb-phinf.pstatic.net/20161020_12/1476952142932DPRno_JPEG/176970575871628_62.jpeg
오양회참치 광화문본점,https://search.pstatic.net/common/?src=https%3A%2F%2Fldb-phinf.pstatic.net%2F20150901_203%2F14410461282028WzeV_JPEG%2FSUBMIT_1420626694349_12983970.jpg
h450,https://ldb-phinf.pstatic.net/20201115_103/1605438548202z2kt6_JPEG/qe0Qh_EPmKX8Y9srSDP1LBMS.jpeg.jpg
