tourist_spot,주소,tag
서울어린이대공원,서울특별시 광진구 능동로 216,#가족여행#걷기여행#관광지#나들이#놀이동산&테마파크#당일치기여행#동물원#사계절#서울근교여행#서울어린이대공원#아이와함께#연인과함께#친구와함께#테마파크#피크닉#힐링&휴양여행
섬세이 테라리움,서울특별시 성동구 서울숲2길 44-1 지하1층 섬세이 테라리움,#문화시설#서울데이트#서울숲전시#섬세이테라리움#성수전시#이색체험#전시#체험전시
목인박물관 목석원,서울특별시 종로구 창의문로5길 46-1,#문화공간#문화시설#문화예술#문화예술공간#문화예술활동#복합문화공간#열린문화공간#예술여행#종합예술#창작공간#창작물#창작품#창작활동
용마폭포공원,서울특별시 중랑구 용마산로 250-12 용마폭포공원관리사무소,#걷기길#관광지#나들이#면목동공원#산책길#산책하기#산책하기좋은곳#수도권#연중무휴#용마산#용마폭포공원#자연여행#자연좋은곳#자연환경#중랑구공원#중랑구폭포공원#폭포공원#휴식공간#휴식여행#휴식하기#휴식하기좋은곳
국립민속박물관&국립민속박물관 어린이박물관,서울특별시 종로구 삼청로 37,#2022_추석_당일치기_여행#가족과함께#관광지#광화문박물관#교육여행#국립민속박물관#민속박물관#민속어린이박물관#산업관광#산업관광지#서울박물관#아이와함께#어린이박물관#역사속으로#역사이야기#이색체험#체험프로그램#한국전통
서울 운현궁,서울특별시 종로구 삼일대로 464 운현궁,#관광지#서울운현궁#수도권#아이와함께#역사#역사공부#역사관광지#역사를품은곳#역사문화재#역사속#역사속으로#역사여행#역사유적지#역사이야기#역사탐방#역사탐험#운현궁#전통역사
여의도샛강생태공원,서울특별시 영등포구 여의도동 49,#가족여행#걷기길#관광지#나들이#도심여행#샛강생태공원#생태공원#생태관광#여의도샛강생태공원#여의도생태공원#여의샛강생태공원#자연#친구와함께#한강변공원
난지한강공원,서울특별시 마포구 한강난지로 162 한강공원 난지안내센터,#관광지#나들이#난지물놀이장#난지캠핑장#난지한강공원#난지한강공원수영장#데이트코스#도심캠핑#마포난지공원#마포한강공원#복합문화공간#연인과함께#연중무휴#열린문화공간#피크닉#한강공원#한강시민공원난지지구#휴식공간#휴식여행#휴식하기#휴식하기좋은곳
국립항공박물관,서울특별시 강서구 하늘길 177,#교육여행#국립항공박물관#문화시설#아이와함께#역사속으로#역사이야기#이색체험#체험프로그램#항공박물관#항공체험
경동시장,서울특별시 동대문구 고산자로36길 3,#가볼래터#가족여행#나들이#나홀로여행#데이트코스#로컬여행#먹거리#서울경동시장#쇼핑#수도권#시장맛집#아이와함께#연인과함께#전통시장#전통시장투어#체험학습#친구와함께#힐링
용산가족공원,서울특별시 용산구 서빙고로 137 국립중앙박물관,#가족공원#가족과함께#가족여행#걷기여행#관광지#나들이#당일치기여행#반려동물동반여행지#사계절#서울공원#서울근교여행#수도권반려동물여행지#아이와함께#연인과함께#용산가족공원#용산공원#용산미군기지#친구와함께#태극기공원#피크닉#힐링#힐링&휴양여행
서서울호수공원,서울특별시 양천구 남부순환로64길 26 신월야구장,#가족여행#걷기여행#걷기좋은공원#관광지#나들이(피크닉)#당일치기여행#사계절#서서울호수공원#서울공원#아이와함께#연인과함께#자연미술관#친구와함께#피크닉#힐링&휴양여행
영등포 신길동 홍어거리,서울특별시 영등포구 신길로 200-20 1층 홍어명가,#관광지#남녀노소#맛집거리#서울맛집#숨은맛집#영등포가볼만한곳#음식거리#이색거리#이색음식#전국맛집#체험#홍어삼합#홍어회
무수아취,서울특별시 도봉구 도봉로169길 249,#가볼래터#가족과함께#글램핑#도봉구#도봉구맛집#도봉맛집#바베큐#바베큐전문점#바비큐#서울가볼만한곳#서울글램핑#셀프바베큐#여행구독#음식#친구와함께#캠핑감성#캠핑식당
서울함공원,서울특별시 마포구 마포나루길 407,#가족과함께#가족여행#관광지#교육여행#마포공원#서울함#서울함공원#아이와함께#역사속으로#역사이야기#이색체험#퇴역군함#한강버스킹#함상테마파크#해양수호공원#휴식공간#휴식하기좋은곳#힐링여행
헬로우 에이피엠 (Hello apm),서울특별시 중구 장충단로 253 헬로우 에이피엠,#멀티쇼핑몰#쇼핑#외국인이많이찾는#외국인친구에게추천#패션몰
키자니아 서울,서울특별시 송파구 올림픽로 240 키자니아 서울,#관광지#도심여행#미세먼지_피하는_실내여행#실내여행지#아이가_열광하는_여행#아이가_좋아하는_여행#아이와함께#아이직업체험#이색체험#직업체험#체험#체험관광#키자니아#테마파크
챔피언1250,서울특별시 용산구 한강대로23길 55 아이파크몰 리빙파크 6층,#관광지#놀이공간#미세먼지_피하는_실내여행#복합레저스포츠#수도권#실내놀이터#실내여행지#실내운동#아이가_좋아하는_여행#아이와함께#어린이익스트림#이색체험#익스트림스포츠#챔피언1250#체험#친구와함께
배봉산,서울특별시 동대문구 휘경2동 배봉산,#가벼운등산#관광지#남녀노소#동대문구산#동대문구산책길#배봉산둘레길#보행데크#산책코스#서울시립대근처산#아이와함께#자연#자연속으로#자연여행#자연좋은곳#자연풍경#자연환경#휴식여행#휴식하기좋은곳#힐링산책#힐링여행
만해한용운심우장,서울특별시 성북구 성북로29길 24,#가족과함께#관광지#아이와함께#역사#역사공부#역사관광지#역사를품은곳#역사문화재#역사속#역사속으로#역사유적지#역사이야기#역사탐방#역사탐험
독립문,서울특별시 서대문구 현저동 941,#관광지#교과서속여행#독립문#독립협회#서대문독립공원#서대문독립문#수도권#역사#역사공부#역사를품은곳#역사문화재#역사속#역사속으로#역사여행#역사유적#역사유적지#역사탐방#역사탐험#연중무휴#최초서양식건물#프랑스개선문
전쟁기념관,서울특별시 용산구 이태원로 29 전쟁기념관,#가족여행#교과서속여행#도심여행#문화시설#미세먼지_피하는_실내여행#박물관#실내관광지#실내여행지#아이와함께#용산전쟁기념관#전쟁기념관#전쟁사#전통&역사문화체험#체험학습
서울 중부시장,서울특별시 중구 을지로32길 33,#가족여행#나들이#나홀로여행#데이트코스#도심여행#먹거리#서울중부시장#쇼핑#수도권#시장맛집#아이와함께#연인과함께#전통시장#전통시장투어#친구와함께
삼익패션타운,서울특별시 중구 남대문시장8길 7 삼익상가지하 2,#관광특구#구두전문백화점#남대문도매시장#남대문먹자골목#남대문시장#쇼핑#아동복#아동복시장#유명의류할인매장#패션
흥인지문,서울특별시 종로구 종로 288 흥인지문,#가족여행#관광지#교과서속여행#당일치기여행#서울근교여행#서울성곽#아이와함께#역사#역사공부#역사관광지#역사를품은곳#역사문화재#역사속#역사속으로#역사유적#역사유적지#역사이야기#역사탐방#역사탐험#전통&역사문화체험#친구와함께#한양도성#흥인지문
롯데월드 아쿠아리움,서울특별시 송파구 올림픽로 300 롯데월드몰 B1,#가족과함께#롯데월드#롯데월드아쿠아리움#문화시설#미세먼지_피하는_실내여행#실내관광지#실내데이트#실내여행지#아이와함께#아쿠아리움#연인과함께#연중무휴#커플데이트
남산 야외식물원,서울특별시 용산구 이태원동 259-16,#가족여행#관광지#남산야외식물원#남산타워#데이트코스#도심여행#사계절#수도권#야외식물원#연인과함께#연중무휴#자연#자연쉼터#자연좋은곳#친환경여행#힐링
선유도공원,서울특별시 영등포구 선유로 343,#관광지#도심산책#산책길#산책로#휴식공간#휴식여행#휴식하기#휴식하기좋은곳#힐링산책#힐링여행
중명전,서울특별시 중구 정동,#가족여행#고종황제편전#관광지#교과서속여행#근대문화유산#대한제국궁궐#대한제국편전#도심여행#상설전시#아이와함께#역사#외국인사교클럽#유명건물#을사늑약장소#전통&역사문화체험#중명전#체험학습#친구와함께#헤이그특사파견#황실도서관
양화한강공원,서울특별시 영등포구 노들로 113 양화개나리점,#걷기길#관광지#나들이#도심여행#산책#서울가볼만한곳#야경투어#양화한강공원#연인과함께#자전거여행#조깅#친구와함께#피크닉#한강공원#한강시민공원양화지구
수락산,서울특별시 노원구 상계동,#가족여행#관광지#당일치기여행#등산#등산로#사계절#서울근교여행#수락산#아이와함께#연인과함께#자연#자연좋은곳#친구와함께#힐링&휴양여행
국립고궁박물관,서울특별시 종로구 효자로 12 국립고궁박물관,#교과서속여행#국립고궁박물관#나들이#문화시설#박물관#실내여행지#아이와함께#전시관#전통&역사문화체험#체험학습#친구와함께
IFC몰,서울특별시 영등포구 여의도동 국제금융로 10 서울 국제금융 센터,#IFC몰#복합쇼핑몰#쇼핑#수도권#여의도대형쇼핑몰#여의도복합쇼핑몰#여의도쇼핑#여의도아이에프씨몰#연중무휴#영등포#크리스마스
관악산 낙성대공원,서울특별시 관악구 낙성대로 77 낙성대공원,#가족여행#강감찬#강감찬장군#관광지#관악산낙성대공원#교과서속여행#낙성대강감찬#낙성대공원#당일치기여행#서울근교여행#서울둘레길#서울둘레길5코스#아이와함께#역사#역사유적지#연인과함께#전통&역사문화체험#친구와함께
다이나믹 메이즈 (서울 인사동점),서울특별시 종로구 인사동길 12 대일빌딩 지하1층,#관광지#다이나믹메이즈#도심여행#레포츠체험#복합문화공간#수도권#실내놀이터#실내여행지#연인과함께#연중무휴#이색체험#체험#친구와함께
서대문독립공원,서울특별시 서대문구 통일로 247 독립문역,#걷기길#관광지#교과서속여행#서대문독립공원#수도권#아이와함께#역사#연중무휴
대림중앙시장,서울특별시 영등포구 디지털로37나길 21,#가족여행#나들이#나홀로여행#대림중앙시장#데이트코스#먹거리#서울근교여행#쇼핑#수도권#시장맛집#아이와함께#연인과함께#이색체험#전통시장#전통시장투어#차이나타운#체험학습#친구와함께#힐링
서울역사박물관,서울특별시 종로구 새문안로 55,#가족여행#교과서속여행#단체관람#도심여행#문화시설#박물관#서울역사박물관#아이와함께#전통&역사문화체험#체험학습#친구와함께
서울 신림동 민속순대타운,서울특별시 관악구 신림로59길 14 원빌딩 3층 301호,#골목식당#관광지#남녀노소#맛집#맛집골목#먹자골목#서울맛집#수도권#순대볶음#신림동맛집#신림동민속순대타운#신림동백순대#신림동순대타운#연인과함께#음식#이색거리#이색음식#친구와함께
더현대 서울,서울특별시 영등포구 여의대로 108 더현대 서울,#더현대서울#백화점#복합문화공간#쇼핑#플래그십스토어#현대백화점
서울 효창공원,서울특별시 용산구 효창동,#관광지#서울공원#서울효창공원#수도권#역사공부#역사를품은곳#역사속#역사속으로#역사여행#역사유적#역사유적지#역사이야기#역사탐방#역사탐험#연인과함께#연중무휴#효창공원
파크하비오 워터킹덤&스파,서울특별시 송파구 송파대로 111 202동 지하1층,#가족과함께#가족나들이#관광지#도심속물놀이#무더위_피해_실내놀이#미세먼지_피하는_실내여행#아이와함께#여름방학가기좋은곳#여름여행#여름피서지#연인과함께#파크하비오#휴식공간#휴식하기#휴식하기좋은곳
서울창포원,서울특별시 도봉구 마들로 916,#가족과함께#가족나들이#걷기길#관광지#붓꽃#생태관광#서울창포원#식물원#아이와함께#이색체험#자연#자연관광지#자연속으로#자연여행#자연좋은곳#자연풍경#자연환경#창포원#체험학습#휴식여행#휴식하기#휴식하기좋은곳#힐링
전쟁과여성인권박물관,서울특별시 마포구 월드컵북로11길 20 전쟁과여성인권박물관,#마포박물관#문화시설#박물관#수도권#아이와함께#아픈과거#여성박물관#역사속#역사속으로#역사이야기#역사탐험#연인과함께#위안부피해생존자박물관#전시관#전쟁과여성인권박물관#전쟁박물관#친구와함께
마복림할머니집,서울특별시 중구 다산로35길 5,#떡볶이#마복림#마복림떡볶이#맛집#서울맛집추천#신당동떡볶이#신당동맛집#음식#즉석떡볶이
아쿠아플라넷 63,서울특별시 영등포구 63로 50,#63빌딩수족관#63빌딩아쿠아리움#가족여행#관광지#대형수족관#데이트코스#도심여행#미세먼지_피하는_실내여행#수도권#실내여행지#아이가_좋아하는_여행#아이와함께#아쿠아리움#아쿠아리움&수족관#아쿠아플라넷63#여의도아쿠아플라넷#연인과함께
뮤직컴플렉스 서울,서울특별시 종로구 인사동길 49 안녕인사동 5층 뮤직컴플렉스서울,#LP카페#가볼래터#뮤직카페#뮤직컴플렉스서울#여행구독#음식#음악카페#이색체험#이색카페#인사동가볼만한곳
또순이네집,서울특별시 영등포구 선유로47길 16 오오1004빌딩,#또순이네#또순이네된장찌개#양평동또순이네#영등포또순이네#음식#주물럭맛집
우묵배미,서울특별시 관악구 남부순환로 1540 1층,#갈비탕#고기맛집#관악구#꽁치김치찜#돼지낙지전골#돼지두부찌개#돼지두부찌개#돼지볶음#돼지볶음#맛집#서울맛집#서울우묵배미#서울한식당#신림역맛집#육개장#음식
영등포청과시장,서울특별시 영등포구 영신로41길 5-1 에이원하우징,#과일도매시장#서울청과물시장#쇼핑#영등포과일시장#영등포청과시장
보라매공원,서울특별시 동작구 여의대방로20길 33,#걷기길#공군체험#관광지#동작구공원#동작노천수영장#동작보라매공원#반려견놀이터#보라매공원#산책길#산책하기#산책하기좋은곳#수도권#아이와함께#야간분수쇼#연중무휴#휴식공간#휴식여행#휴식하기#휴식하기좋은곳
청계산,서울특별시 서초구 청계산로 434,#과천산#관광지#관악산#서울대공원#서울청계산#자연#청룡산
호텔 카푸치노,서울특별시 강남구 봉은사로 155 호텔 카푸치노,#반려견동반여행지#서울숙소#서울호텔#숙박#숙박쿠폰#애견동반숙소#연인과함께#친구와함께#친환경호텔#카푸치노호텔#호캉스#호캉스즐기기#호텔카푸치노
한강시민공원 망원지구(망원한강공원),서울특별시 마포구 마포나루길 467 한강공원망원지구사무소,#걷기길#관광지#나들이#도심여행#망원한강공원#산책길#산책하기#산책하기좋은곳#야경투어#연인과함께#자전거여행#조깅#친구와함께#피크닉#한강시민공원망원지구
국립한글박물관,서울특별시 용산구 서빙고로 139,#가족체험여행#교과서속여행#국립한글박물관#문화시설#문화행사#미세먼지_피하는_실내여행#박물관#수도권#아이와함께#외국어해설#자원봉사활동#전시관#전통&역사문화체험#체험학습
토속촌삼계탕,서울특별시 종로구 자하문로5길 5 토속촌,#맛집#삼계탕#음식#종로맛집#토속촌_오골계_삼계탕#토속촌삼계탕#해물파전
허준박물관,서울특별시 강서구 허준로 87 허준박물관,#교과서속여행#구암허준#도심여행#문화시설#박물관#아이와함께#전시#전통&역사문화체험#체험학습#허준#허준박물관
남산공원,서울 중구 삼일대로 231,#가족여행#관광지#나들이#남산#남산공원#남산데이트#남산순환버스#남산케이블카#남산타워#당일치기여행#데이트코스#사계절#산책하기좋은곳#서울도심공원#서울자연휴식처#서울휴식공간#아이와함께#연인과함께#친구와함께#피크닉#휴식하기좋은곳#힐링
석파랑,서울특별시 종로구 자하문로 309,#건강식맛집#건강여행#궁중수라#남녀노소#만세#맛집#부모님과함께#석파#수복#음식#전통음식#정성가득#종로구#진연#진찬#한정식#힐링여행
마로니에공원,서울특별시 종로구 대학로 104,#가족과함께#가족여행#걷기여행#공연#관광지#나들이#당일치기여행#대학로#대학로공원#대학로데이트코스#데이트코스#동숭로공원#마로니에공원#사계절#서울근교여행#아이와함께#연극#연인과함께#친구와함께#피크닉#힐링&휴양여행
[백년가게]선천집,서울특별시 종로구 인사동14길 5,#맛집#백년가게#불고기#서울시#음식#이북음식#종로구#평안도#한식#한정식
경춘선숲길,서울특별시 노원구 공릉동 272-2,#걷기좋은길#경춘선#관광지#레포츠#산책하기좋은곳#서울데이트장소#숲길#연인과함께#친구와함께
종이나라박물관,서울특별시 중구 장충단로 166 종이나라빌딩 2층,#나들이#단체관람#도심여행#문화시설#박물관#실내여행지#아이와함께#이색체험#종이나라박물관#체험학습
청수정,서울특별시 종로구 삼청로 91,#맛집#불고기덮밥#뽈떼기찜#뽈떼기탕#삼청동맛집#삼청동밥집#음식#제육볶음#종로맛집#홍합밥#홍합밥정식#홍합비빔밥
코엑스 아쿠아리움,서울특별시 강남구 영동대로 513,#데이트코스#문화시설#미세먼지_피하는_실내여행#실내관광지#실내여행지#실내여행지#아이와함께#아쿠아리움&수족관#연인과함께#영화&드라마촬영지#체험학습#친구와함께#코엑스아쿠아리움
어린이 감각놀이터 디키디키,서울특별시 중구 을지로 281 DDP 뮤지엄(배움터) 4층,#관광지#놀이시설#미세먼지_피하는_실내여행#복합문화공간#실내관광지#실내여행#아이가_좋아하는_여행#아이와함께#열린문화공간#이색체험#체험프로그램#휴식공간#휴식여행#휴식하기좋은곳
피규어뮤지엄W,서울특별시 강남구 선릉로158길 3 Ys Roo,#가족과함께#남녀노소#문화시설#아이가_좋아하는_여행#아이와함께#이색체험#테마관광지#휴식공간#휴식여행#휴식하기#휴식하기좋은곳
서울 종로 낙지볶음 골목,서울특별시 종로구 수표로20길 22,#가족과함께#골목길#골목여행#관광지#낙지거리#낙지전문점#맛집골목#맛집탐방#숨은맛집#시장맛집#연인과함께#이색거리#전국맛집#체험#친구와함께
채석장 전망대,서울특별시 종로구 낙산5길 51,#가족과함께#경치여행#경치좋은곳#관광지#서울야경#아이와함께#역사공부#역사속#역사속으로#역사여행#역사유적#역사이야기#역사탐방#역사탐험#채석장#카페낙타
[백년가게]만석장,서울특별시 은평구 대서문길 43-10,#두부요리#두부요리전문점#두부한정식#두부한정식#만석장#맛집#백년가게#삼겹살가마구이#삼겹쌈밥#서울시#은평구#음식#정성가득
서울광장 스케이트장,서울특별시 중구 을지로 12,#겨울스포츠#겨울여행#레포츠#복합레저스포츠#생활스포츠#서울광장#서울광장스케이트장#서울데이트#서울시청#스케이트#스케이트장#아이와함께#연인과함께#커플데이트#크리스마스
용산초등학교 실내수영장,서울특별시 용산구 한강대로57길 33 용산초등학교수영장,#레포츠#서울#서울수영장#수영#수영장#실내수영장#용산수영장#용산초등학교#용산초실내수영장#초등학교
반포 서래섬,서울특별시 서초구 반포동,#관광지#남녀노소#도심산책#산책로#산책코스#산책하기좋은곳#자연#휴식하기#휴식하기좋은곳#힐링산책
둘리뮤지엄,서울특별시 도봉구 시루봉로1길 6,#둘리뮤지엄#문화시설#문화콘텐츠산업#박물관#복합문화공간#수도권#실내놀이터#아이가_좋아하는_여행#아이와함께#어린이날#어린이날가볼만한곳#전시관#체험학습
응봉산(서울),서울특별시 성동구 금호동4가 1540 응봉산,#관광지#등산#자연
서울책보고,서울특별시 송파구 오금로 1 서울책보고,#INFP상상여행#관광지#서울책보고#서울헌책방#서점#송파쇼핑#쇼핑#아이와함께#친구와함께#헌책#헌책방
서소문성지역사박물관,서울특별시 중구 칠패로 5,#문화시설#서소문성지#서소문성지역사박물관#서소문역사박물관#서울시건축상건축물#성지#순례지#아름다운건축물#역사박물관#천주교박해장소#천주교성지#천주교순교성지
[백년가게]선동보리밥,서울특별시 성북구 성북로 134-4 선동보리밥,#감자전#백년가게#보리밥#서울맛집#영양돌솥밥#음식
승진완구,서울특별시 종로구 종로52길 30,#쇼핑#완구매장#유아완구#장난감
스파레이,서울특별시 서초구 강남대로107길 5 크레신빌딩,#관광지#뷰티&스파#사우나#스파레이#여성전용#연중무휴#온천&스파#찜질방#친구와함께#휴식공간#휴식여행#휴식하기#휴식하기좋은곳
잠실한강공원,서울특별시 송파구 한가람로 65 한강사업본부 잠실안내센터,#걷기길#관광지#나들이#도심여행#수도권#야경투어#연인과함께#자전거여행#잠실한강공원#조깅#친구와함께#피크닉#한강시민공원잠실지구#휴식공간#휴식여행#휴식하기#휴식하기좋은곳
디타워 (replace 광화문),서울특별시 종로구 종로3길 17 디타워 광화문,#광화문맛집#광화문상가#광화문쇼핑#디타워광화문점#쇼핑#종로맛집#종로상가#종로쇼핑
가락농수산물종합도매시장,서울특별시 송파구 양재대로 932 가락동 농수산물도매시장,#가락농수산물도매시장#가락시장#가족여행#나들이#나홀로여행#데이트코스#도심여행#먹거리#쇼핑#수도권#시장맛집#아이와함께#연인과함께#전통시장#전통시장투어#친구와함께#특산물
이촌한강공원,서울특별시 용산구 이촌로72길 62 한강공원 이촌안내센터,#걷기길#관광지#남녀노소#봄나들이#산책코스#산책하기좋은곳#수도권#연인과함께#열린문화공간#이촌한강공원#한강시민공원#한강자전거#휴식공간#휴식여행#휴식하기#휴식하기좋은곳
강동그린웨이 가족캠핑장,서울특별시 강동구 천호대로206길 87,#가족여행#강동구#레포츠#자연환경#주말여행#캠핑장#힐링여행
사육신공원,서울특별시 동작구 노량진로 191 사육신묘지공원,#가족여행#관광지#교과서속여행#노량진산책코스#당일치기여행#동작구공원#동작사육신공원#사육신#사육신공원#사육신묘#산책코스#산책하기좋은곳#서울근교여행#아이와함께#역사관광지#역사유적#역사유적지#전통역사문화체험#친구와함께#한강조망
서소문역사공원,서울특별시 중구 칠패로 5 서소문공원,#관광지#도심산책#산책하기좋은곳#서소문성지#아이와함께#역사공부#역사이야기#휴식공간#휴식여행#휴식하기좋은곳#힐링산책
태릉국제스케이트장,서울특별시 노원구 화랑로 681,#겨울스포츠#레포츠#복합레저스포츠#스케이트#스케이트강습#스케이트장#실내스케이트장#실내운동#육군사관학교#태릉#태릉국제스케이트장#태릉스케이트#태릉스케이트장
대림창고,서울특별시 성동구 성수이로 78,#남녀노소#빈티지#사진찍기좋은곳#성동구#연인과함께#음식#정미소#카페#휴식공간#휴식하기좋은곳
삼청공원,서울특별시 종로구 삼청로 156 삼청공원관리실,#가족여행#걷기여행#관광지#나들이#당일치기여행#사계절#삼청공원#삼청근린공원#서울공원#서울근교여행#숲체험원#아이와함께#연인과함께#자연좋은곳#친구와함께#피크닉#휴양여행#힐링
연서시장,서울특별시 은평구 통일로 850 연서시장,#쇼핑#연서시장#재래시장#전통시장
컨퍼런스하우스달개비 정동점,서울특별시 중구 세종대로19길 16,#단체모임추천#달개비#달개비한정식#맛집#서울시#서울시청맛집#서울중구맛집#서울한정식#음식#중구#한정식
겟댓샷(Get That Shot),서울특별시 영등포구 경인로 846 롯데백화점영등포점 1층,#가볼래터#서울#서울가볼만한곳#서울카페#여행구독#영등포#음식#이색카페#카페#힐링
박물관은 살아있다(인사동점),서울특별시 종로구 인사동길 12 대일빌딩 지하1층,#데이트코스#도심여행#문화시설#박물관은살아있다#사계절#사진찍기#사진찍기좋은곳#사진촬영#실내여행지#아이와함께#연인과함께#이색체험#인생샷
대학로,서울특별시 종로구 동숭동,#가족여행#관광지#나홀로여행#당일치기여행#대학로#데이트코스#도심여행#문화행사#사계절#상설공연#서울근교여행#아이와함께#연인과함께#체험#친구와함께#핫플레이스
도산공원,서울특별시 강남구 도산대로45길 20 도산전시관,#가족여행#걷기여행#관광지#나들이#당일치기여행#도산공원#도산안창호#사계절#서울근교여행#아이와함께#안창호공원#압구정#연인과함께#친구와함께#피크닉#힐링&휴양여행
플로팅아일랜드,서울특별시 서초구 올림픽대로 2085-14 세빛섬,#문화시설#새빛섬결혼식장#선상웨딩#세빛섬#세빛섬플로팅아일랜드#프라이빗모임#플로팅아일랜드#한강결혼식#한강레스토랑#한강예식장#한강컨벤션
더 스팟 패뷸러스,서울특별시 중구 명동2길 22 1.2층,#뉴트로카페#명동카페#서울_여행지_추천#서울가볼만한곳#서울권#음식
서울상상나라,서울특별시 광진구 능동로 216 서울상상나라,#문화시설#사계절#서울상상나라#아이와함께#여름방학가볼만한곳#이색체험#체험학습
진고개,서울특별시 중구 충무로 19-1,#갈비찜#맛집#문냉면#보쌈김치#불고기#서울중구#육개장#음식
그랜드 인터컨티넨탈 서울 파르나스,서울특별시 강남구 테헤란로 521 그랜드 인터컨티넨탈 서울 파르나스,#강남구#서울숙소#서울호텔#숙박#숙박쿠폰#코엑스#호캉스#호캉스즐기기#호텔
북촌박물관,서울특별시 종로구 북촌로 39,#가족과함께#고미술품#공예품#문화시설#박물관#북촌#서울시#아이와함께#역사속으로#역사이야기#전통&역사#전통작품#종로구#한국전통
서울신라호텔,서울특별시 중구 동호로 249,#서울숙소#숙박#중구#호캉스즐기기
아차산 어울림정원,서울특별시 광진구 워커힐로 127 아차산 생태공원,#걷기길#관광지#광진구산책로#광진구휴식공간#산책하기좋은곳#생태관광#아차산생태공원#자연#자연&숲#자연좋은곳#트레킹#힐링산책
롯데월드 민속박물관,서울특별시 송파구 올림픽로 240 롯데월드,#나들이#놀이동산&테마파크#데이트코스#롯데월드#롯데월드민속박물관#문화시설#미세먼지_피하는_실내여행#박물관#아이와함께#연인과함께#전시관#전통&역사문화체험#체험학습#친구와함께#힐링
우래옥,서울특별시 중구 창경궁로 62-29,#가족과함께#맛집#미쉐린가이드#불고기#을지로#을지로맛집#음식#평양냉면#평양냉면#힙지로
씨랄라 워터파크,서울특별시 영등포구 문래로 164 지하 2층,#관광지#남녀노소#문래동사우나#문래동워터파크#물놀이장#실내워터파크#아이가_좋아하는_여행#아이와함께#여름피서지#휴식공간#휴식여행#휴식하기#휴식하기좋은곳
밀리오레,서울특별시 중구 장충단로 263,#쇼핑
노량진수산물도매시장,서울특별시 동작구 노들로 674 노량진수산물도매시장,#가족여행#나들이#나홀로여행#노량진수산물도매시장#도심여행#먹거리#쇼핑#수도권#시장맛집#아이와함께#연인과함께#전통시장#전통시장투어#친구와함께#특산물
인왕산 더숲 초소책방,서울특별시 종로구 인왕산로 172,#북카페#서울_여행지_추천#서울가볼만한곳#서울권#음식#인왕산
광나루한강공원 암사생태공원,서울특별시 강동구 암사동 616-1,#관광지#광나루#생태체험#서울가볼만한곳#서울공원#암사생태공원#자연#한강#한강공원
매헌 시민의 숲,서울특별시 서초구 매헌로 99,#걷기길#관광지#나들이#도심여행#산책길#산책하기#산책하기좋은곳#양재시민의숲#연인과함께#자연#자연좋은곳#자연환경#주말추천여행지#친구와함께#힐링
도봉산,서울특별시 도봉구 도봉동,#가족여행#관광지#당일치기여행#도봉산#도봉산역#등산#등산로#사계절#서울근교여행#아이와함께#연인과함께#자연#자연좋은곳#친구와함께#힐링&휴양여행
서울 암사동 유적,서울특별시 강동구 올림픽로 875,#가족여행#관광지#교과서속여행#당일치기여행#서울근교여행#서울박물관#서울암사동유적#신석기시대#아이와함께#암사동유적박물관#역사#역사공부#역사관광지#역사를품은곳#역사문화재#역사속#역사여행#역사유적지#역사탐방#전통&역사문화체험#친구와함께
리얼월드 성수,서울특별시 성동구 연무장13길 8 메리히어 1층 리얼월드 성수,#2023_설날_핫플#가볼래터#관광지#성수동가볼만한곳#성수동데이트#성수동핫플레이스#이색체험
롯데월드 아이스링크(실내),서울특별시 송파구 올림픽로 240,#겨울스포츠#동계스포츠체험#레포츠#롯데월드#롯데월드스케이트장#송파스케이트장#스케이트장#실내데이트#실내스케이트장#연인과함께#연인과함께#친구와함께
광나루한강공원,서울특별시 강동구 암사동 659-1,#걷기길#관광지#광나루한강공원#나들이#도심여행#서울가볼만한곳#야경투어#연인과함께#자전거여행#조깅#친구와함께#피크닉#한강공원#한강시민공원광나루지구#휴식공간#휴식여행#휴식하기#휴식하기좋은곳
교보문고,서울특별시 종로구 종로 1 교보생명빌딩 지하1층,#교보문고#도서관#도심여행#문화시설#문화행사#사계절#수도권#아이와함께#연인과함께#체험학습#친구와함께#핫플레이스
잠원한강공원,서울특별시 서초구 잠원동,#가족여행#관광지#나들이#산책길#산책로#산책하기#산책하기좋은곳#서울가볼만한곳#서울산책#서울여행#연인과함께#잠원한강공원#한강공원#한강시민공원잠원지구#휴식공간#휴식여행#휴식하기#휴식하기좋은곳
풋볼 팬타지움,서울특별시 마포구 월드컵로 240,#VR체험#문화시설#박물관#복합레저스포츠#실내놀이터#아이와함께#이색체험#전시관#주말추천여행지#체험학습#축구장#축구전시관#친구와함께#테마파크#풋볼팬타지움
달맞이봉공원,서울특별시 성동구 금호동4가 산27,#관광지#달맞이봉#달야경#서울야경명소#성동구공원#응봉산공원#해돋이명소
[백년가게]삼거리 먼지막 순대국,서울특별시 영등포구 시흥대로185길 11,#맛집#백년가게#서울미래유산#서울시#순대국#순대국#순대안주가성비_갑담백한_맛#술국#영등포구#음식#해장국
아이파크몰 용산점,서울특별시 용산구 한강대로23길 55,#가족과함께#남녀노소#백화점#복합쇼핑몰#서울용산구#쇼핑#쇼핑몰#아이파크몰#아이파크백화점#용산구#전시장
서울 중앙시장,서울특별시 중구 퇴계로85길 36,#서울3대시장#서울중앙시장#쇼핑#아이와함께#예술가#이색체험#재래시장#전통시장#중앙시장
세종한우정육점식당  2호점,서울특별시 강남구 학동로 219 국제빌딩 지층,#강남한우맛집#논현동한우#세종한우#세종한우정육점식당#옛날불고기#음식#한우소고기보신탕#한우정육식당
그랜드 워커힐 리버파크(야외수영장),서울특별시 광진구 워커힐로 177,#가족과함께#레포츠#리버파크#수영장#실외#여름피서지#연인과함께#워커힐#휴식공간#휴식여행#휴식하기좋은곳#힐링여행
청계천박물관,서울특별시 성동구 청계천로 530 청계천박물관,#걷기여행#도심여행#문화시설#박물관#실내여행지#아이와함께#청계천#청계천박물관
용마산,서울특별시 중랑구 면목동,#관광지#나홀로여행#등산#용마산#자연#자연&숲#자연좋은곳#자연풍경#자연환경#친구와함께#트레킹
장충단공원,서울특별시 중구 동호로 257-10,#가족여행#걷기여행#관광지#나들이#당일치기여행#사계절#서울근교여행#아이와함께#연인과함께#장충단공원#친구와함께#피크닉#힐링&휴양여행
하우스 도산,"서울특별시 강남구 압구정로46길 50 M층, 2층, 3층",#남녀노소#문화예술#사진찍기#사진찍기좋은곳#선글라스#쇼핑#안경#연인과함께#이색공간#친구와함께#휴식공간
레치키치 스튜디오,서울특별시 마포구 신촌로2안길 2 보애빌딩 지하,#관광지#스튜디오#이색체험#체험
프레젠트모먼트,서울특별시 마포구 동교로 49-1 1층,#가볼래터#망원동#빈티지#서울#소품샵#쇼핑#여행구독#인형#크리스마스
헌인릉 생태경관보전지역(오리나무림),서울특별시 서초구 헌인릉길 36-10 헌인릉,#관광지#나들이#당일치기여행#생태관광#수도권#오리나무림#자연#자연&숲#자연좋은곳#헌인릉생태경관보전지역#힐링
은평한옥마을,서울특별시 은평구 진관동 193-14,#관광지#서울#은평구#한옥마을#한옥체험
우리유황온천,서울특별시 광진구 자양로5길 33 지하2층,#관광지#서울온천#온천#우리유황온천#천연유황온천#프라젠스파
파리공원,서울특별시 양천구 목동동로 363 파리공원,#걷기길#관광지#나들이#서울도심여행#아이와함께#연인과함께#자연#주말추천여행지#친구와함께#파리공원#힐링
한성백제박물관,서울특별시 송파구 위례성대로 71 한성백제박물관,#가족여행#교과서속여행#당일치기여행#문화시설#박물관#사계절#아이와함께#역사를품은곳#역사속#역사속으로#역사여행#역사유적지#역사탐방#한성백제박물관
서울생활사박물관,서울특별시 노원구 동일로174길 27,#관광지#근현대박물관#박물관#서울생활사박물관#실내관광지#아이와함께#이색체험#전시#전통&역사체험
강변스파랜드,서울특별시 광진구 구의강변로 45 지하2층,#강변스파랜드#강변역사우나#강변역찜질방#관광지#불한증막#사우나#서울24시찜질방#서울스파#서울찜질방#서울찜질방추천#수도권#연인과함께#연중무휴#찜질방#휴식공간#휴식여행#휴식하기#휴식하기좋은곳#힐링&휴양#힐링체험
삼청동수제비,서울특별시 종로구 삼청로 101-1,#감자전#감자전#맛집#삼청동맛집#삼청동수제비#서울맛집#수도권#수제비#수제비#수제비맛집#연중무휴#음식#종로맛집#쭈꾸미볶음#찹쌀_새알_옹심이#파전#파전
경의선책거리,서울특별시 마포구 신촌로4길 18,#경의선#경의선책거리#관광지#복합문화#복합문화공간#복합시설#산책하기#산책하기좋은곳#연인과함께#작은책방#책거리#체험#휴식공간#휴식하기좋은곳
광화문광장,서울특별시 종로구 세종대로 175 세종이야기,#걷기길#관광지#광화문광장#도심공원#도심순환#도심여행#산책하기좋은곳#서울도심여행#세종대왕동상#시티투어#인생샷#충무공이순신동상
서대문안산,서울특별시 서대문구 봉원동,#관광지#남녀노소#무악산동봉수대터#산책로#산책코스#서대문구산#순환형무장애숲길#안산봉수대#안산자락길#역사탐험#자연#자연좋은곳#자연환경#휴식공간#휴식공원#휴식여행#휴식하기좋은곳#힐링산책#힐링여행#힐링여행지
런던베이글뮤지엄,서울특별시 종로구 북촌로4길 20,#2023_설날_디저트맛집#MZ세대#런던베이글뮤지엄#베이글#베이글맛집#비주얼맛집#안국역맛집#음식
서울광장,서울특별시 중구 을지로 12 시청광장지하쇼핑센터,#가족과함께#관광지#덕수궁#도심여행#복합문화공간#산책하기#산책하기좋은곳#서울광장#서울도서관#서울시청#수도권#스케이트장#시청광장#열린문화공간#주말추천여행지#친구와함께#크리스마스#피크닉#휴식공간#휴식여행#휴식하기#휴식하기좋은곳
중랑장미공원,서울특별시 중랑구 묵동 375,#관광지#서울축제#장미공원#장미정원#장미축제#장미터널#중랑천
양재꽃시장,서울특별시 서초구 강남대로 27 화훼공판장 나동 87호 양재꽃시장꽃과나무,#사진명소#서울_여행지_추천#서울가볼만한곳#서울권#쇼핑#양재꽃시장
여의도공원,서울특별시 영등포구 여의도동 여의공원로 68 여의도공원관리사무소,#c-47비행기전시관#관광지#꽃여행#데이트코스#복합문화공간#봄나들이#산책길#산책하기#산책하기좋은곳#서울근교여행#여의도공원#여의도광장#여의도문화마당#연인과함께#연중무휴#열린문화공간#영등포여의도공원#인생샷#한국전통의숲#휴식공간#휴식여행#휴식하기#휴식하기좋은곳
삼원가든,서울특별시 강남구 언주로 835,#강남맛집#강남삼원가든#강남한식당#고기맛집#맛집#분위기_좋은#불고기#생갈비#양념갈비#육회#음식
마포농수산물시장,서울특별시 마포구 월드컵로 235,#농수산물시장#마포구전통시장#마포농수산물시장#마포회센터#쇼핑#전통시장
진주회관,서울특별시 중구 세종대로11길 26,#김치찌개#냉콩국수#맛집#삼겹살#서울맛집#섞어찌개#수도권#연중무휴#음식#진주회관#콩국수
이새,서울특별시 종로구 인사동길 30-1 인사유리,#쇼핑#자연주의#중장년층#천연소재#친환경염색의류
방산 종합시장,서울특별시 중구 창경궁로 62-29,#가족여행#나홀로여행#데이트코스#먹거리#방산시장#방산종합시장#쇼핑#수도권#시장맛집#아이와함께#연인과함께#전통시장#전통시장투어#취미#친구와함께
서울 평화시장,서울특별시 중구 청계천로 274,#가족여행#나들이#나홀로여행#데이트코스#도매상가#도심여행#동대문시장#먹거리#서울평화시장#쇼핑#수도권#시장맛집#아이와함께#연인과함께#의류도매상가#전통시장#전통시장투어#청계천시장#친구와함께#평화시장
공덕동 족발 골목,서울특별시 마포구 만리재로 19,#가족과함께#골목길여행#골목여행#공덕시장#관광지#돼지고기#마포구가볼만한곳#마포구맛집#마포족발골목#맛집골목#먹자골목#서울골목맛집#숨은맛집#시장족발골목#연인과함께#오향족발#전국맛집#족발거리#족발골목#체험#한양족발
이화여고100주년기념관,서울특별시 중구 정동길 26 이화여고100주년기념관,#100주년기념관#공연장#문화시설#서대문공연장#이화여고#이화여고100주년기념관#이화여고기념관#정동이화여고기념관#프라이홀
샤오바오우육면 종로본점,서울특별시 종로구 삼일대로17길 15,#샤오바오본점#수타우육면#음식#종각샤오바오#종각우육면맛집
광장시장 한복매장,서울특별시 종로구 창경궁로 88 광장시장2층 구관 32호,#광장시장#광장시장한복매장#쇼핑#수도권#연중무휴#한복매장
창의문,서울특별시 종로구 창의문로 118,#가족여행#관광지#문화재#서울여행#역사#역사공부#역사관광지#역사를품은곳#역사문화재#역사속#역사속으로#역사이야기#역사탐방#연중무휴#인조반정#창의문
세종대왕동상,서울특별시 종로구 세종대로 172,#관광지#광화문광장#교과서속여행#도심여행#세종대왕동상#수도권#아이와함께#역사속#역사속으로#역사이야기#역사탐방#체험학습#훈민정음
서대문문화체육회관실내수영장,서울특별시 서대문구 백련사길 39,#레포츠#서대문수영장#서대문실내수영장#서대문체육관#해수풀수영장
구로중앙유통단지,서울특별시 구로구 경인로53길 15,#도소매#무역#산업용품#서울가볼만한곳#쇼핑#오프라인매장#유통단지#저렴한가격#전자부품#컴퓨터부품
고속터미널 꽃도매상가,서울특별시 서초구 신반포로 194 강남고속버스터미널,#고터꽃도매상가#고터꽃쇼핑#고터꽃시장#고터쇼핑#꽃#꽃도매상가#쇼핑#원예전문점
수연산방,서울특별시 성북구 성북로26길 8 상허 이태준 가옥,#관광지#문화재#상허이태준가옥#성북동이태준가옥#성북동찻집#성북수연산방#수도권#수연산방#역사#역사공부#역사를품은곳#역사문화재#역사속#역사속으로#역사여행#역사유적#역사유적지#역사이야기#역사탐방#역사탐험#이태준가옥
강서농산물도매시장,서울특별시 강서구 발산로 40 강서농산물도매시장,#강서농산물도매시장#강서도매시장유통#과일도매시장#농산물경매장#농산물도매시장#도매시장#쇼핑
오금오름공원,서울특별시 송파구 오금로 363 오금근린공원,#관광지#데이트코스#산책길#산책하기#산책하기좋은곳#아이와함께#연인과함께#오금공원#자연&숲#휴식공간#휴식여행#휴식하기#휴식하기좋은곳#힐링
용산공원 반환부지,서울특별시 용산구 서빙고로 221,#SNS감성핫플레이스#SNS속_인생샷명소#가볼래터#관광지#데이트코스#색감_예쁜_관광지#여행구독#옛_미군기지#옛_서빙고#용산#용산공원#포토존#힐링#힐링공간#힐링공원
약령시장,서울특별시 동대문구 제기동,#가족여행#나들이#나홀로여행#데이트코스#도심여행#먹거리#서울약령시장#쇼핑#수도권#시장맛집#아이와함께#연인과함께#전통시장#전통시장투어#친구와함께#특산물
뚝섬 한강공원 수영장,서울특별시 광진구 자양동 112,#가족과함께#남녀노소#뚝섬#레포츠#물놀이장#수영장#실외수영장#아이가_좋아하는_여행#아이와함께#야외#야외수영장#여름방학가볼한곳#여름피서지#친구와함께#한강공원#한강수영장#한강시민공원
응정헌,서울특별시 은평구 연서로50길 19,#독채한옥#서울숙소#서울여행#서울한옥#조식가능#품질인증업소_전체보기#한국관광품질인증#한국관광품질인증_한옥#한옥
정릉(신덕왕후),서울특별시 성북구 아리랑로19길 116,#관광지#서울정릉#세계문화유산#수도권#아이와함께#역사#역사공부#역사를품은곳#역사문화재#역사속#역사속으로#역사여행#역사유적#역사유적지#역사탐험#유네스코세계문화유산#이성계후비#조선왕릉#현비강씨릉
양천공원,서울특별시 양천구 목동동로 111,#관광지#산책하기좋은곳#아이가_좋아하는_여행#아이와가볼만한곳#아이와함께#휴식공간#휴식공원#휴식여행#휴식하기#휴식하기좋은곳#힐링산책
봉화산,서울특별시 중랑구 묵동,#경치좋은곳#관광지#남녀노소#등산#등산여행#봉수대#봉화산#자연#자연좋은곳#자연풍경#자연환경#중랑구산#중랑구힐링#휴식하기좋은곳#힐링산책
오동근린공원,서울특별시 강북구 번동 산12,#관광지#근린공원#산책길#산책코스#산책하기#산책하기좋은곳#실내운동#자연환경#체육관#휴식공간#휴식여행#휴식하기#휴식하기좋은곳
롯데아울렛 서울역점,서울특별시 용산구 한강대로 405 롯데아울렛서울역점,#서울여행#쇼핑#품질인증업소_전체보기#한국관광품질인증
104고지전적비,서울특별시 서대문구 연희동 산100-1,#관광지#기념탑#역사#역사공부#역사관광지#역사를품은곳#역사문화재#역사속#역사속으로#역사여행#역사유적#역사유적지#역사이야기#역사탐방#역사탐험#추모#추모비#한국역사#한국전쟁#해병대
용마랜드,서울특별시 중랑구 망우로70길 118,#관광지#드라마촬영지#뮤직비디오촬영지#사진찍기좋은곳#사진촬영지#애견동반놀이동산#야외대관장소#영화촬영지#용마랜드#웨딩촬영지#폐놀이공원
통인가게 미술,서울특별시 종로구 인사동길 32,#가족여행#고미술갤러리#고미술전시#고미술품갤러리#나들이#나홀로여행#데이트코스#쇼핑#수도권#아이와함께#연인과함께#전통역사문화체험#친구와함께#통인가게#힐링
롯데월드,서울특별시 송파구 올림픽로 240,#공연장#나들이#놀이공원&테마파크#데이트코스#롯데월드가든스테이지#문화시설#미세먼지_피하는_실내여행#실내여행지#아이와함께#어린이날가볼만한곳#연인과함께#예술#음악회#체험학습#친구와함께#힐링
세운상가,서울특별시 종로구 청계천로 159,#가전제품#쇼핑#전자부품#컴퓨터
서초구민체육센터수영장,서울특별시 서초구 사평대로 55 서초구민체육센터.심산기념문화센터,#남녀노소#레포츠#생활스포츠#서초YMCA수영장#서초구#수영#수영장#스포츠#실내수영장#실내스포츠
서촌게스트하우스,서울특별시 종로구 자하문로7길 28-3 통인동,#마운틴뷰#서울숙소#서울여행#서울한옥#숙박#조식가능#품질인증업소_전체보기#한국관광품질인증#한국관광품질인증_한옥#한옥
황궁우,서울 중구 소공동,#고종#관광지#대한제국황제국#사적#수도권#역사#역사공부#역사관광지#역사를품은곳#역사문화재#역사속#역사속으로#역사속으로#역사여행#역사유적#역사유적지#역사유적지#역사이야기#역사탐험#제천단#조선호텔#환구단#환단#황궁우
필동면옥,서울 중구 서애로 26,#냉면#냉면#맛집#비빔냉면#서울중구맛집#서울특별시#음식#접시만두#제육담백한_맛#중구#충무로맛집#평양냉면#평양냉면맛집
간송미술관,서울 성북구 성북로 102-11 간송미술관,#가족과함께#문화공간#문화시설#문화예술#문화예술공간#복합문화공간#아이와함께#연인과함께#열린문화공간#예술공간#한국전통
