,attraction,location,tag
1105,10꼬르소꼬모 청담점,서울 강남구,#10꼬르소꼬모#10꼬르소꼬모청담점#강남브런치카페#쇼핑#음식#청담동카페#청담동편집숍#청담브런치카페
1107,춘원당한의약박물관,서울 종로구,#가족여행#건강여행#도심여행#문화시설#박물관#약초생활건강#이색체험#체험프로그램#충원당한방박물관#한방#한방약#한방약초#한방의료#한방체험#한의학
1110,종로 떡박물관,서울 종로구,#나들이#도심여행#떡만들기체험#떡박물관#떡전시장#문화시설#박물관#부엌박물관#서울박물관#아이와함께#연인과함께#체험학습#친구와함께
1116,북한산둘레캠핑장,서울 은평구,#럭셔리카라반#레포츠#북한산글램핑#수영장글램핑#여성전용글램핑#조용한분위기글램핑장
1117,쭈꾸미킹2.0 상봉점,서울 중랑구,#상봉동맛집#음식#중랑구 쭈꾸미킹2.0#직화쭈꾸미#쭈꾸미맛집#쭈꾸미킹2.0#쭈꾸미피자
1120,한국천주교순교자박물관,서울 마포구,#나홀로여행#문화시설#박물관#수도권#실내여행지#이색체험#전시관#절두산순교기념관#절두산순교성지#절두산유적지#천주교박물관#한국천주교순교자박물관#해설
1122,서울한옥스테이(jnpstay),서울 종로구,#독채한옥#서울숙소#서울여행#서울한옥#취사가능#품질인증업소_전체보기#한국관광품질인증#한국관광품질인증_한옥#한옥
1125,와이키키마켓,서울 마포구,#가볼래터#바비큐#서울데이트#여행구독#음식#이색데이트#한강
1127,한강시민공원 잠원수영장,서울 서초구,#레포츠#아이와함께#여름피서지#잠원수영장#친구와함께#한강시민공원
1132,그랜드하얏트 서울 아이스링크,서울 용산구,#겨울스포츠#레포츠#복합레저스포츠#스케이트#스케이트장#스케이트장#아이스링크#크리스마스#호텔#휴식공간#휴식하기좋은곳
1133,강북구 서당골,서울 강북구,#강북맛집#돼지불고기#맛집#서당골정식#서울맛집추천#음식#한식
1134,종이잡지클럽,서울 마포구,#가볼래터#독서#매거진#서점#쇼핑#여행구독#이색서점
1137,반얀트리 클럽 앤 스파 서울,서울 중구,#반얀트리클럽앤스파서울#서울숙소#수도권#숙박#호텔
1140,신라면세점(서울점),서울 중구,#면세쇼핑#면세점#브랜드#쇼핑#신라호텔
1144,하이서울유스호스텔 레스토랑,서울 영등포구,#식품의약품안전처_음식점위생등급_매우우수(2017년)#영등포맛집#음식#음식점위생등급#하이서울유스호스텔
1150,켄싱턴호텔 여의도 뉴욕뉴욕,서울 영등포구,#뉴욕뉴욕#맛집#분위기_좋은#서울맛집#수도권#스테이크맛집#여의도맛집#연중무휴#음식#켄싱턴호텔#켄싱턴호텔다이닝#코스요리#프라임뉴욕스테이크
1152,남산골산채집,서울 중구,#맛집#부추전전망_좋은#산채비빔밥#샐러드_돈까스_비빔밥#왕돈까스#음식
1153,서울올림픽파크텔,서울 송파구,#국민체육진흥공단#서울숙소#서울올림픽파크텔#송파구#숙박#올림픽파크텔
1162,코리아나 호텔,서울 중구,#서울호텔#숙박#숙박시설#숙박업소#코리아나#호텔#휴식공간#휴식여행#휴식하기좋은곳#힐링&여행
1165,시간을 담다,서울 중구,#관광지#그림그리기체험#데이트장소추천#문화공간#미세먼지_피하는_실내여행#복합문화공간#실내관광지#실내여행지#아이와함께#연인과함께#이색체험#이색체험여행#체험활동#커플데이트
1172,신창시장,서울 도봉구,#쇼핑#신창동재래시장#신창시장#재래시장#전통시장#창동시장#창동신창시장
1174,중구 베테랑칼국수,서울 중구,#들깨칼국수#명동베테랑칼국수#명동칼국수#베테랑칼국수#베테랑칼국수롯데백화점#음식#전주베테랑칼국수#칼국수맛집
1176,한옥 게스트하우스 동촌재,서울 종로구,#게스트하우스#서울게스트하우스#서울숙소#서울여행#서울한옥#조식가능#품질인증업소_전체보기#한국관광품질인증#한국관광품질인증_게스트하우스#한옥
1177,꽃밥에피다,서울 종로구,#건강식#건강식맛집#건강여행#건강음식#건강한힐링여행#연인과함께#음식#친황경#친황경여행#힐링여행
1178,고척근린시장,서울 구로구,#고척근린시장#고척시장#쇼핑#재래시장#전통시장
1182,소소하우스,서울 종로구,#독채한옥#서울숙소#서울여행#서울한옥#조식가능#취사가능#품질인증업소_전체보기#한국관광품질인증#한국관광품질인증_한옥#한옥
1194,패션5,서울 용산구,#갤러리카페#디저트#디저트베이커리카페#맛집#음식#한남동#한남동가볼만한곳#한남동맛집#한남동카페
1197,페르시안궁전,서울 종로구,#맛집#서울맛집추천#음식#인도음식#종로맛집#카레라이스#탄두리난#통닭카레정식#페르시안케밥
1200,강동 오늘손칼국수,서울 강동구,#강동구맛집#강동구맛집#성내동맛집#오늘손칼국수&찜강동본점#오늘손칼국수앤찜#음식#해물찜맛집
1201,핫트랙스 (광화문점),서울 종로구,#교보문고#기프트아이템#문구#문구쇼핑#복합문화쇼핑공간#쇼핑#종로핫트랙스#핫트랙스광화문
1202,JW 메리어트 호텔 서울,서울 서초구,#서울숙소#숙박
1207,더 플라자 호텔 서울,서울 중구,#서울숙소#서울호텔#수도권#숙박#숙박시설#숙박업소#플라자호텔#휴식공간#휴식여행#휴식하기좋은곳
1209,갤러리에이엠,서울 종로구,#갤러리#근대미술#근대미술관#문화공간#문화시설#문화예술#복합문화공간#열린문화공간#전시
1210,필경재,서울 강남구,#강남맛집#궁중요리#궁중한식#맛집#음식#한식당#한정식맛집#한정식코스
1212,평화의공원,서울 마포구,#공원피크닉장#관광지#난지도이야기#난지연못#마포구산책#마포구피크닉#서울정원박람회장소#월드컵공원#월드컵공원전시관#유니세프광장#평화의공원#평화의정원
1215,캘리포니아 관광호텔,서울 송파구,#서울숙소#송파구#숙박
1217,송림식당,서울 광진구,#기사식당#돼지불백#맛집#백반#선지해장국#음식#음식점
1221,일일향 논현2호점,서울 강남구,#가성비_갑#맛집#분위기_좋은#어향동고#음식#전채요리#짬뽕#코스요리#탕수육
1222,더케이호텔서울,서울 서초구,#서울숙소#서울호텔#숙박#호텔
1226,서초동노랑저고리,서울 서초구,#노랑저고리#맛집#분위기_좋은#서울맛집#수도권#음식#전망_좋은#정성가득#한정식#한정식
1227,양재근린공원,서울 서초구,#관광지#서울시민리그#서초구농구장#서초구운동장#서초근린공원#양재근린공원#양재근린공원자전거대여소#풋살리그
1228,중구 송원,서울 중구,#맛집#음식
1229,용양봉저정 공원,서울 동작구,#가족과함께#관광지#남녀노소#산책하기#산책하기좋은곳#서울경관#아이와함께#휴식공간#휴식하기좋은곳#힐링산책
1230,봉천중앙시장,서울 관악구,#관악구재래시장#봉천동시장#봉천중앙시장#쇼핑#재래시장#전통시장
1231,서울시립대학교박물관,서울 동대문구,#무료관람#문화시설#박물관#서울시립대학교박물관#수도권#실내여행지#아이와함께#전시관#전통&역사문화체험#체험학습#친구와함께
1237,신당동천팥죽,서울 중구,#맛집#음식#정성가득#팥죽#팥칼국수
1238,태릉시장,서울 중랑구,#길거리시장#쇼핑#전통시장#중화동시장#태능시장#태능에셈빌
1240,동흥관,서울 금천구,#가족식사_추천#간짜장#군만두#노포맛집#마파두부밥#맛집#수타짜장면#우동#음식#잡채밥#짬뽕#탕수육
1241,강남구 카페엠,서울 강남구,#분위기_좋은#유기농아이스크림#음식#플랜테리어#플랜테리어카페
1242,동다헌,서울 성북구,#맛집#성북구#음식#전통찻집#한방차
1244,송림가,서울 구로구,#구로구#맛집#명품_한우_생갈비#부귀한정식#솔정식#수라한정식#음식#태평한정식고#한우_꽃등심#한정식#향정식
1245,63뷔페 파빌리온,서울 영등포구,#63빌딩#63빌딩파빌리온#맛집#뷔페식#송년모임#연말모임#음식#파빌리온
1246,강강술래신림본동점,서울 관악구,#가족식사_추천#갈비구이#강강술래#강강술래신림동#맛집#소갈비구이#양념갈비#양념소갈비#음식#음식점#한우생등심
1253,세인트제임스 삼청점,서울 종로구,#서울여행#품질인증업소_전체보기#한국관광품질인증
1254,송추가마골 은평1호점,서울 은평구,#북한산맛집#송추가마골은평1호점#우대본갈비#음식#진관동갈비집#진관동맛집
1257,봉래헌(메이필드호텔),서울 강서구,#맛집#음식
1258,그랜드 하얏트 서울,서울 용산구,#관광호텔#서울숙소#숙박#용산구
1261,웨스틴 조선 서울,서울 중구,#가족과함께#서울숙소#서울호텔#숙박#연인과함께#웨스틴조선호텔#친구와함께#호캉스
1262,오동숲속도서관,서울 성북구,#가볼래터#도서관#문화시설#문화힐링#서울시#서울시도서관#성북구#숲속도서관#오동숲#조용한산속힐링#힐링#힐링공간
1263,꾸에바마테라,서울 용산구,#감성사진#감성카페#연인과함께#음식#음식점#이색카페
1269,신영시장,서울 양천구,#뉴제로마켓#뉴제로마켓서울플래그십스토어1호점#문화센터#쇼핑#신월1동시장#전통시장#취미공간#하늘문화센터
1271,갤러리아백화점명품관EAST,서울 강남구,#강남갤러리아백화점명품관#강남명품관#강남쇼핑#갤러리아백화점#명품관#명품백화점#백화점#쇼핑#펴션
1272,문화철도 959,서울 구로구,#관광지#문화공간#문화예술#복합문화공간#아이와함께#종합예술#휴식공간#휴식하기#휴식하기좋은곳
1277,올리바인 스파,서울 종로구,#건강여행#관광지#부모님과함께#뷰티&스파온천&스파#연인과함께#올리바인스파#친구와함께#휴식여행#휴식하기좋은곳#힐링&휴양여행#힐링체험
1278,고려삼계탕,서울 중구,#건강식#건강식맛집#건강여행#고려삼계탕#고려삼계탕#맛집#미쉐린가이드#보양식#산삼삼계탕#산삼오골계탕#삼계탕#삼계탕맛집#서소문맛집#서울맛집#시청맛집#오골계탕#음식#전복삼계탕#전복오골계탕담백한_맛#한식맛집
1281,금천구춘천옥,서울 금천구,#가산디지털단지맛집#금천춘천옥#막국수#맛집#보쌈#보쌈맛집#분위기_좋은#비빔막국수#서울맛집#서울한식당#선지국밥#음식
1284,짚풀생활사박물관,서울 종로구,#가족과함께#공예품#문화시설#박물관#아이와함께#전통공예#짚공예#짚풀공예체험
1285,인크커피 가산점,서울 금천구,#가디맛집#가볼래터#금천구카페#여행구독#음식#인크카페가산점#인크커피#인크커피가산점
1286,성북동누룽지백숙,서울 성북구,#누룽지백숙#누룽지백숙#들깨메밀수제비#맛집#메밀국수#메밀비빔국수#메밀수제비#메밀전#성북동맛집#음식#한식
1288,고래불,서울 강남구,#고래고기#맛집#바다물곰탕#생꽃새우#음식#자연산전복회#자연산활어회#코스요리
1289,배정철어도,서울 강남구,#남녀노소#맛집#생선초밥#생선회#음식#일식#일식당#점심특선#정식가성비_갑#초밥
1292,아이러브신당동떡볶이,서울 중구,#궁중떡볶이#눈물떡볶이#맛집#신당동떡볶이#음식#치즈떡볶이#해물떡볶이
1293,베스트웨스턴 프리미어 서울가든호텔,서울 마포구,#마포구#서울숙소#숙박#호캉스즐기기
1302,케르반레스토랑,서울 용산구,#맛집#수도권#음식#케르반터키쉬할랄레스토랑#케밥#피데
1304,수연산방,서울 성북구,#12곡_미숫가루#구기자_국화차#녹차#단호박빙수#대추차#맛집#보리순_말차#서울시#성북구#쌍화차#쑥말차#오미자차#유자_생강차#음식#카페
1305,한강공원 난지캠핑장,서울 마포구,#가족과함께#도심캠핑장#레포츠#마포구캠핑장#서울시캠핑장#하늘공원
1306,동국대학교 박물관,서울 중구,#교과서속여행#동국대학교박물관#문화시설#박물관#수도권#실내여행지#아이와함께#이색체험#전시관#체험학습
1309,세인트제임스 서울,서울 강남구,#서울여행#품질인증업소_전체보기#한국관광품질인증
1313,서울 서초 글램핑 청계산장,서울 서초구,#깨끗한#레포츠#여유있는#친절한#커플
1322,진주집,서울 영등포구,#냉콩국수#냉콩국수#닭칼국수#닭칼국수#맛집#비빔국수#영등포구#음식#접시만두
1323,호남식당,서울 중구,#갈치조림#고등어조림#김치찌개#맛집#생선구이#음식#청국장#한식#한식당#한식맛집
1324,두타몰,서울 중구,#쇼핑#외국인친구에게추천#중구쇼핑#패션
1326,서대문수빈,서울 서대문구,#간장게장#간장게장정식#깡장비빔밥정식#떡갈비#떡갈비정식#맛집#서대문구#수빈정식#음식#한정식#한정식집#황태구이정식
1330,때때롯살롱,서울 종로구,#때때롯살롱#생활한복#서울가볼만한곳#서울핫플#쇼핑#익선동#한복#핫플레이스
1336,여의도백리향,서울 영등포구,#63빌딩다이닝#63빌딩중식당#맛집#분위기_좋은가족식사_추천#여의도맛집#여의도중국음식맛집#음식#코스요리
1338,용산전자랜드,서울 용산구,#쇼핑#용산디지털몰#용산전자상가#용산전자쇼핑몰#용산전자제품
1339,롯데호텔서울,서울 중구,#서울숙소#숙박#중구#호캉스즐기기
1340,봉일시장,서울 관악구,#봉일시장#봉일프라자#서울먹거리#쇼핑#재래시장#전통시장
1343,송파구횡성한우,서울 송파구,#방이동소고기#방이동횡성한우#석촌호수맛집#송파횡성한우#음식#잠실고기맛집
1347,도봉구대문한정식,서울 도봉구,#간장게장#도봉구맛집#맛집#음식#한정식
1348,촛불1978,서울 중구,#돈까스#라이스데이트_맛집#맛집#샐러드#서울특별시#스테이크#양식#음식#중구#파스타#퐁듀#퐁듀코스
1349,노룬산골목시장,서울 광진구,#건대입구가볼만한곳#노룬산골목시장#노룬산시장#쇼핑#자양동시장#재래시장#전통시장
1350,평안도족발집,서울 중구,#녹두빈대떡#맛집#맛집탐방#물막국수담백한_맛#비빔막국수#서울중구맛집#음식#족발
1352,청와옥 본점,서울 송파구,#24시간음식점#방이동순대국#송파순대국#음식#청와옥#청와옥올림픽공원점#편백정식
1355,서대문구형제갈비,서울 서대문구,#갈비#갈비탕#꽃갈비살#맛집#불고기#불고기#생갈비#서대문구#서울특별시#신촌형제갈비#양념갈비#음식#형제갈비
1358,노보텔 앰배서더 강남,서울 강남구,#5성급호텔#강남구#강남숙박#강남숙소#강남호텔#노보텔엠베서더강남#서울숙소#숙박
1359,엘크레,서울 강남구,#감성사진#관광지#메이크업#분위기좋은카페#뷰티#뷰티투어#사진찍기좋은곳#연인과함께#이색체험#친구와함께#포토존#화장품
1360,가회민화박물관,서울 종로구,#가족여행#남녀노소#문화시설#문화예술#문화예술공간#민화#박물관#서울시#아이와함께#열린문화공간#전통문화#종로구
1361,송화산시도삭면,서울 광진구,#가성비맛집#건대딤섬맛집#건대맛집#건대입구맛집#맛집제보#서울딤섬맛집#송화산시도삭면#음식
1363,콘래드 서울,서울 영등포구,#관광호텔#서울숙소#숙박#영등포구#호캉스즐기기
1368,신성종합시장,서울 광진구,#쇼핑#신성골목시장#신성시장#신성종합시장#재래시장#전통시장#중곡동전통시장#중곡사거리시장
1370,참만나,서울 노원구,#꽃등심#노원구#대패쌈밥정식#돼지왕갈비#맛집#매운갈비찜#음식#차돌쌈밥정식#한우
1373,제일콩집,서울 노원구,#감자부침담백한_맛#공릉동맛집#노원맛집#두부요리#두부찌개#맛집#서울맛집추천#순두부#음식#청국장#콩국수#콩국수#콩비지
1375,무교동 북어국집,서울 중구,#맛집#북어해장국#북어해장국가성비_갑#서울맛집추천#서울중구#음식#정성가득
1376,전민규의황제누룽지탕 노원직영점,서울 노원구,#노원황제누룽지탕#복날음식#복날음식#음식#전민규의황제누룽지탕#해물누룽지탕#해물누룽지탕#황제누룽지탕
1377,현대백화점 (압구정본점),서울 강남구,#쇼핑#압구정#압구정쇼핑#현대백화점
1379,WANGTHAI,서울 용산구,#맛집#분위기_좋은#얌꿍#얌운센#음식#이국적인#팟타이가이
1381,성수살라댕템플,서울 성동구,#서울가볼만한곳#서울맛집#서울맛집추천#서울분위기좋은맛집#양식#음식#퓨전요리
1382,관훈동 산촌,서울 종로구,#건강한요리#건강한음식#맛집#사찰요리#사찰음식#산나물#생강차#쌍화차#유자차#음식#저녁#점심#종로맛집#한식
1384,로씨니,서울 종로구,#레스토랑#맛집#분위기_좋은정성가득#서울맛집추천#스테이크#안심스테이크#양갈비_석쇠구이#음식#이탈리아음식#종로맛집#파스타#파스타
1386,대도식당 왕십리본점,서울 성동구,#대도식당#성동구맛집#왕십리대도식당#왕십리맛집#음식#한우맛집#한우맛집
1387,길동복조리시장,서울 강동구,#강동전통시장#길동복조리시장#길동시장#복조리시장#쇼핑
1391,이비스 앰배서더 명동,서울 중구,#명동호텔#비즈니스호텔#서울숙소#수도권#숙박#이비스앰배서더#호텔
1392,산채향,서울 중구,#더덕구이정식#더덕맛집#더덕매운갈비찜정식#더덕무침정식#더덕요리#맛집#부모님과함께#음식#한식#한식당#한식마을
1393,사간동푸드떼,서울 종로구,#가볼래터#여행구독#음식#종로카페#찻집#카페#티룸#티카페#홍차#홍차맛집#화과자
1397,관훈동 한국공예관,서울 종로구,#가족여행#기념품판매#나들이#나홀로여행#데이트코스#쇼핑#수도권#아이와함께#연인과함께#전통역사문화체험#체험학습#친구와함께#한국공예관#힐링
1399,네이처리퍼블릭 명동월드점,서울 중구,#메이크업#뷰티#쇼핑#자연주의#화장품
1400,서강대박물관,서울 마포구,#교육시설#문화시설#서강대박물관
1404,고척근린공원,서울 구로구,#가족과함께#공원#관광지#산책길#산책하기좋은곳#연인과함께#자연환경#친구와함께#휴식공간#휴식하기#휴식하기좋은곳
1407,JW 메리어트 동대문 스퀘어 서울,서울 종로구,#서울숙소#숙박#종로구
1410,종로구콰니,서울 종로구,#가방#쇼핑#외국인이많이찾는#의류#플래그십스토어
1411,테크노마트,서울 광진구,#강변테크노마트#복합쇼핑몰#쇼핑#수도권
1412,켄싱턴호텔 여의도,서울 영등포구,#서울호텔#숙박#숙박시설#숙박업소#호텔#휴식공간#휴식여행#휴식하기좋은곳
1413,마포삼다코지,서울 마포구,#가볼래터#감성카페#서울#아메리카노#여행구독#음식#카페
1414,옛날집낙원아구찜,서울 종로구,#낙원아구찜#맛집#분위기_좋은#수도권#아구찜#아귀찜#아귀탕#음식#해물찜#해물찜#해물탕
1418,영일분식,서울 영등포구,#가성비맛집#맛집#맛집제보#서울#영등포구#음식#칼국수#혼밥하기좋은
1420,아재왔소,서울 도봉구,#간제미요리#도봉구#맛집#오리백숙#음식
1421,르몽블랑,서울 용산구,#SNS감성핫플레이스#가볼래터#감성카페#디저트카페#여행구독#음식#이색디저트#카페
1422,대치동중앙해장,서울 강남구,#강남선지국#강남해장국#삼성동해장국#양선지해장국#음식#중앙해장
1424,고궁의 아침,서울 종로구,#남녀노소#냉면#돼지갈비#돼지갈비#맛집#선지해장국#소양념갈비#음식#종로구#한식#한식맛집#한우생등심
1428,성북동돼지갈비본점,서울 성북구,#돼지갈비#돼지갈비백반#떡갈비백반#맛집#불고기백반#서울맛집#성북동돼지갈비집#수도권#음식
1430,강동황도바지락칼국수,서울 강동구,#냉국수#맛집#왕만두#음식#칼국수
1432,금왕돈까스,서울 성북구,#금왕정식#돈까스#맛집#생선까스#서울시#성북구#심돈까스#안심돈까스#음식#함박스테이크언론소개_맛집
1435,운산,서울 영등포구,#맛집#음식#한정식
1436,서초구통나무집,서울 서초구,#갈비살#갈비탕#꽃등심#맛집#살치살#양념갈비#육회#음식
1437,설마중,서울 서초구,#서울맛집#숯불갈비#외국인도_선호하는#우정을위하여#음식#이심전심#진수#한정식
1439,강서도일처,서울 강서구,#도일처#동파육#맛집#서울맛집#수도권#음식#중식#짜장면
1442,강남곰바위,서울 강남구,#곰바위#맛집#서울맛집#수도권#연중무휴#음식#특양구이#한우막창
1446,스탠포드호텔 서울,서울 마포구,#서울숙소#숙박#호텔
1450,소공동세란안경,서울 중구,#서울여행#품질인증업소_전체보기#한국관광품질인증
1453,드럼통 참숯석쇠구이,서울 송파구,#갈비살#갈비살#고기요리#된장찌개#막창#맛집#삼겹살#서울시#송파구#안창살#안창살#열무국수#육류#음식
1455,화곡본동시장,서울 강서구,#쇼핑#재래시장#전통시장#족발맛집#화곡동시장#화곡본동시장
1456,KCDF 갤러리숍 공예정원,서울 종로구,#갤러리숍#공예#공예품#디자인#디자인상품#쇼핑
1457,서울청계광장,서울 중구,#관광지#서울가볼만한곳#서울걷기좋은길#서울산책#서울여행#청계광장#청계천
1459,종로구밀림,서울 종로구,#가볼래터#서울종로구음식점#서울핫플#여행구독#음식#음식점#인스타_핫플레이스#종로구#종로구맛집#창신동#태국음식점
1460,인사동 촌,서울 종로구,#건강한음식#구절편요리담백한_맛#맛집#북촌정식#외국인도_선호하는#음식#철판낙지볶음#한식#한식당#한식맛집#한식전문점#해물파전
1462,[백년가게]대호정,서울 금천구,#냉삼#돼지갈비#돼지갈비#백년가게#서울맛집#오징어쌈밥#오징어쌈밥#음식
1463,우림시장,서울 관악구,#관악구 전통시장#난곡동시장#쇼핑#우림시장#재래시장#전통시장
1472,아델라베일리,서울 종로구,#부암동레스토랑#부암동카페#북악산레스토링#북악산아델라베일리#북악산카페#북악스카이웨이레스토랑#선셋맛집#스몰웨딩#아델라베일리#음식#전망좋은레스토랑#하우스웨딩장소
1474,마천중앙시장,서울 송파구,#마천시장#마천중앙시장#송파시장#송파재래시장#송파전통시장#쇼핑#재래시장#전통시장
1476,삼대할먼네,서울 중구,#떡볶이#맛집#삼대할먼네#서울맛집#수도권#신당동떡볶이#음식
1477,용산구기와,서울 용산구,#갈비찜#갈비찜#떡갈비#맛집#보리굴비#보리굴비#어탕수#외국인도_선호하는#용산구#음식#한상차림#한정식
1480,을지다방,서울 중구,#SNS감성사진#감성카페#뉴트로_감성여행#뉴트로감성#사진찍기#사진찍기좋은곳#사진촬영#사진촬영명소#연인과함께#음식#음식점#이색카페#친구와함께#카페
1481,해담채 남부터미널점,서울 서초구,#서초맛집#음식#코스요리#해담채
1483,감꽃당,서울 종로구,#디저트맛집#사진찍기좋은곳#에그타르트#연인과함께#음식#종로카페#휴식공간#휴식여행#휴식하기#휴식하기좋은곳#힐링여행
1484,골든블루마리나,서울 서초구,#골든블루마리나#레포츠#세빛섬#요트체험
1486,국화정원,서울 성북구,#간장게장#간장게장_특선#맛집#성북구맛집#음식#점심특선#정3품#한식#한식맛집#한식백반#한식코스요리#한정식
1488,뽐모도로,서울 종로구,#맛집#음식#종로구#파스타
1489,영풍문고 스타필드코엑스몰점,서울 강남구,#쇼핑
1490,트레스드,서울 송파구,#MZ세대#까놀리#디저트#디저트맛집#분위기맛집#음식#이색맛집#이탈리아디저트#카놀리
1492,수유동가문,서울 강북구,#굴짬뽕#맛집#음식#자장면#짬뽕#코스요리#탕수육
1493,북한산 큰숲 제빵소,서울 은평구,#당일구운빵#둘레길#베이커리#북한산#북한산온천비젠#송추가마#음식#제빵소#주택개조카페
1494,리치다이아몬드호텔,서울 강북구,#강북구#리치다이아몬드호텔#북한산숙소#북한산일출#북한산호텔#서울숙소#수유역숙소#숙박
1497,송화벽화시장,서울 강서구,#발산동시장#벽화시장#송화벽화시장#송화시장#쇼핑#우장산시장#재래시장
1498,다래함박스텍,서울 강북구,#가성비식당#기사식당돈가스#다래함박스테이크#돈가스맛집#수유리기사식당#음식#함박스테이크맛집
1499,카카오프렌즈 홍대 플래그십 스토어,서울 마포구,#라이프스타일#쇼핑#카카오프렌즈#플래그십스토어
1502,아트박스 (영등포점),서울 영등포구,#디자인상품#문구#사무용품#쇼핑#영등포문구점#영등포팬시용품점#캐릭터상품#타임스퀘어아트박스#파티용품
1503,뱃고동,서울 강남구,#낙지전골#맛집#산낙지불고기언론소개_맛집#오징어불고기#음식
1508,호텔PJ,서울 중구,#가족과함께#서울숙소#서울여행#서울호텔#숙박#연인과함께#중구#친구와함께#호캉스#호텔
1509,한강파라다이스,서울 영등포구,#경치좋은곳#고르곤졸라_피자#디조피자#마르게리따_피자#맛집#불고기_피자#삼겹살_피자#서울시#스테이크#실내데이트#양식#연인과함께#영등포구#음식#커플데이트#한강
1510,미가할매집,서울 관악구,#가족식사_추천정성가득#꽃갈비살#맛집#미가할매집#숯불구이#숯불구이한정식#음식#코스요리#한우생등심#한정식
1512,동서울 관광호텔,서울 광진구,#관광호텔#광진구#서울숙소#숙박
1513,구로시장,서울 구로구,#구로구시장#구로전통시장#구로청년몰#복고풍#비단길#쇼핑#시장#재래시장#전통시장
1515,프레지던트 호텔,서울 중구,#서울숙소#숙박#중구#프레지던트호텔#호캉스#호캉스즐기기
1516,난지천공원,서울 마포구,#관광지#도심공원#서울_여행지_추천#서울가볼만한곳#서울권#유아숲체험장
1517,파르나스몰,서울 강남구,#강남#그랜드인터콘티넨탈호텔#백화점#쇼핑#쇼핑몰
1518,중곡제일시장,서울 광진구,#쇼핑#재래시장#전통시장#중곡동시장#중곡제일시장
1521,롯데호텔 L7 강남,서울 강남구,#L7강남#강남구#강남호텔#롯데호텔#롯데호텔L7#롯데호텔L7강남#서울숙소#숙박
1522,더벨스파 동대문현대시티아울렛점,서울 중구,#관광지#동대문#마사지#서울여행#족욕#피로회복
1525,서울서둘째로잘하는집,서울 종로구,#단팥죽#맛집#분위기_좋은#삼청동#삼청동맛집#생강대추차#수정과#식혜#십전대보탕#음식#팥죽#팥죽집
1527,자인뭉티기,서울 서초구,#맛집#명품구이#모둠구이#뭉티기#육회#음식
1528,양반댁,서울 종로구,#간장게장#교자상#맛집#삼합#서울맛집#수라상#양반댁#양반정식#육회#음식#진지상#친환경_농산물#한정식코스요리
1529,비단길 현대시장,서울 금천구,#금천구전통시장#독산동현대시장#비단길현대시장#쇼핑#재래시장#전통시장
1530,엔터식스 왕십리역점,서울 성동구,#성동구쇼핑#쇼핑#유럽풍#테마파크형쇼핑몰
1531,아이유푸드,서울 금천구,#쇼핑#아이유푸드#아이유푸드정육점#친환경정육점#친환경축산물판매점
1534,미자식당,서울 동작구,#맛집#매운탕#양념상차림#음식#회양념
1535,곰달래꿈마을,서울 양천구,#SNS감성사진#골목여행#골목투어#관광지#사진찍기좋은곳#산책하기좋은곳#연인과함께#휴식여행#휴식하기#휴식하기좋은곳#힐링&휴양여행
1536,평안도만두집,서울 종로구,#김치찌개#만두전골#만두전골#만둣국#맛집#빈대떡#음식#접시만두#제육#종로구
1537,지화자,서울 종로구,#맛집#소갈비구이수라#소갈비찜수라#외국인도_선호하는#음식#장금만찬#전복초수라#진어만찬#진어별만찬
1540,인사동그집,서울 종로구,#맛집#음식
1543,라칸티나,서울 중구,#라자냐#맛집#음식#파스타
1545,행복한백화점,서울 양천구,#목동백화점#쇼핑#양천구마트#양천구백화점#오목교역백화점
1550,호텔 더 디자이너스 청량리 Hotel the designers,서울 동대문구,#서울#서울숙소#숙박
1552,동적불고기깡통구이 쌍문 본점,서울 도봉구,#동적불고기#동적불고기깡통구이쌍문본점#쌍리단길맛집#쌍문동맛집#쌍문맛집#음식
1555,어양,서울 송파구,#맛집#양장피#음식#짜장면#짬뽕#코스요리#탕수우럭#탕수육#해물누룽지
1558,서래본갈비,서울 서초구,#갈비식당#서래마을갈비#서래마을고깃집#서래마을식당#서래본가#음식#한우생갈비#호텔분위기식당
1559,센트럴관광호텔,서울 종로구,#관광호텔#서울숙소#숙박#숙박시설#종로구#휴식공간
1561,나이아가라호텔,서울 강서구,#강서구#나이아가라호텔#서울숙소#숙박#염창동호텔#친구와함께#한강뷰#한강뷰호텔#호캉스
1565,단미그린비,서울 강남구,#강남한정식#단미그린비#상견례식당#음식#자곡동한정식#한정식
1567,갯마을,서울 용산구,#녹두부침#떡국#떡만두국#만두국#만두전골#맛집#손만둣국#용산구#음식
1568,그리츠(GREETS) 글래드호텔 여의도,서울 영등포구,#뷔페#식품의약품안전처_음식점위생등급_매우우수(2017년)#영등포맛집#음식#음식점위생등급
1569,아승지,서울 영등포구,#맛집#서울시#아승지_정식#아승지정식#영등포구#음식#한식
1570,광장싸롱,서울 종로구,#광장시장#레트로#빈티지#음식#전통차#종로강남한의원#청계천
1573,태림산채정식,서울 도봉구,#건강식#더덕구이정식#맛집#불고기정식#산채정식#음식
1574,문래근린공원,서울 영등포구,#516벙커#관광지#문래공원#문래근린공원#문래창작촌#박정희대통령동상#박정희벙커#영등포문래근린공원
1579,을지로 원형들,서울 중구,#가볼래터#감성카페#고수케이크#딜케이크#여행구독#음식#이색디저트#충무로카페
1580,산도토리임자탕,서울 도봉구,#가족식사_추천#도토리묵무침#도토리묵밥#도토리임자탕#도토리전#맛집#음식
1581,향림,서울 노원구,#냉채류#노원구#닭고기류#담백한_맛#두부·야채류#맛집#밥·면류#샥스핀류#서울시#소고기·돼지고기류#외국인도_선호하는#음식#정성가득#중화요리#해삼·전복류
1584,금용문,서울 종로구,#가족식사_추천#금용문_중식코스#금용문전가복#딤섬류#맛집#매운새우돈육말이#삼선짜장#우럭튀김#음식#종로구#중국집#차돌짬뽕
1585,깃대봉냉면,서울 종로구,#냉면#만두#맛집#음식
1587,순희네빈대떡,서울 종로구,#고기완자언론소개_맛집#녹두빈대떡#맛집#음식
1588,메세나폴리스 몰,서울 마포구,#가족과함께#남녀노소#대형마트#마포구#문화공간#쇼핑#스트리트몰#열린문화공간#패션#합정역
1590,곰국시집 명동,서울 중구,#맛집#음식
1591,메리어트 이그제큐티브 아파트먼트 서울 여의도,서울 영등포구,#서울숙소#숙박
1593,만강 수서점,서울 강남구,#강남맛집#서울맛집#음식#한정식
1595,해담채 서여의도점,서울 영등포구,#영등포맛집#음식#코스요리#해담채
1598,다락정,서울 종로구,#김치만두전골#만두#맛집#불고기#삼청동맛집#서울맛집추천#음식
1599,백원,서울 영등포구,#맛집#음식#코스요리
1600,호텔 삼정,서울 강남구,#강남구#서울숙소#숙박
