Attraction,Subclass,Address,Participants
동대문역사문화공원,"도시,테마공원",서울특별시 중구 신당동 853,56
서울식물원,"식물원,수목원",서울특별시 강서구 마곡동로 161 서울식물원,"5,204"
N서울타워,전망대,서울특별시 용산구 남산공원길 105,"5,100"
서울숲,"숲,숲길",서울특별시 성동구 뚝섬로 273,258
경복궁,궁궐,서울특별시 종로구 사직로 161 경복궁,"1,202"
롯데월드 어드벤처,테마파크,서울특별시 송파구 올림픽로 240,"15,214"
창덕궁,세계문화유산,서울특별시 종로구 율곡로 99,753
덕수궁,궁궐,서울특별시 중구 세종대로 99 덕수궁,436
선정릉,세계문화유산,서울특별시 강남구 선릉로100길 1 선릉정릉,43
롯데월드타워 서울스카이,전망대,서울특별시 송파구 올림픽로 300 117~123층,"11,594"
마포구하늘공원,"자연,생태공원",서울특별시 마포구 하늘공원로 95,681
동대문종합시장,시장,서울특별시 종로구 종로 272 동대문종합시장 신관,41
북촌한옥마을,지역명소,서울특별시 종로구 계동길 37,56
낙산공원,근린공원,서울특별시 종로구 낙산길 41,93
국립중앙박물관,박물관,서울특별시 용산구 서빙고로 137 국립중앙박물관,"1,296"
광화문,기념물,서울특별시 종로구 효자로 12 국립고궁박물관,141
창경궁,궁궐,서울특별시 종로구 창경궁로 185 창경궁,132
스타필드 코엑스몰,쇼핑복합시설,서울특별시 강남구 봉은사로 524,"1,892"
석촌호수,"호수,연못,저수지",서울특별시 송파구 잠실동,279
화랑대 철도공원,"도시,테마공원",서울특별시 노원구 공릉동 29-51,51
청계천,"강,하천",서울특별시 종로구 창신동,161
서래마을,체험마을,서울특별시 서초구 반포4동,104
경희궁,궁궐,서울특별시 종로구 새문안로 45 경희궁.시립미술관,39
서울로 7017,도보코스,서울특별시 중구 청파로 432,23
돈의문박물관마을,체험마을,서울특별시 종로구 송월길 14-3,45
덕수궁 돌담길,도보코스,서울특별시 중구 세종대로19길 24 영국대사관,22
망원시장,시장,서울특별시 마포구 포은로6길 27 1층,118
여의도한강공원,시민공원,서울특별시 영등포구 여의동로 330 한강사업본부 여의도안내센터,266
남산골한옥마을,"문화,유적",서울특별시 중구 퇴계로34길 28 남산골한옥마을,331
경의선숲길,"거리,골목",서울특별시 마포구 연남동,53
서울공예박물관,박물관,서울특별시 종로구 율곡로3길 4,220
AK PLAZA 홍대,백화점,서울특별시 마포구 양화로 188,756
서대문형무소역사관,박물관,서울특별시 서대문구 통일로 251 서대문형무소역사관,"1,611"
광장시장,시장,서울특별시 종로구 창경궁로 88,18
반포대교 달빛무지개분수,지역명소,서울특별시 서초구 반포동 649-1,54
세빛섬,섬,서울특별시 서초구 올림픽대로 2085-14 세빛섬,43
북악팔각정,"도시,테마공원",서울특별시 성북구 북악산로 267 북악팔각정,"2,718"
월드컵공원,테마공원,서울특별시 마포구 하늘공원로 86,457
올림픽공원,"도시,테마공원",서울특별시 송파구 올림픽로 424,859
몽촌토성,성곽명,서울특별시 송파구 올림픽로 424 올림픽공원,26
서대문자연사박물관,박물관,서울특별시 서대문구 연희로32길 51,"1,914"
푸른수목원,"식물원,수목원",서울특별시 구로구 서해안로 2117,400
송파책박물관,박물관,서울특별시 송파구 송파대로37길 77,299
숭례문,기념물,서울특별시 중구 세종대로 40,115
와룡공원,"도시,테마공원",서울특별시 종로구 와룡공원길 192,11
방학동도깨비시장,시장,서울특별시 도봉구 도당로 85-7,39
몽마르뜨공원,"도시,테마공원",서울특별시 서초구 반포동 산59-1,18
이순신장군동상,기념물,서울특별시 종로구 세종대로 172,20
채그로,북카페,서울특별시 마포구 마포대로4다길 31,201
롯데월드몰,쇼핑복합시설,서울특별시 송파구 올림픽로 300 롯데월드몰,"2,454"
롯데호텔 월드,5성급,서울특별시 송파구 올림픽로 240,"5,841"
인왕산,산,서울특별시 종로구 무악동 산2-1,114
한강시민공원 뚝섬지구,시민공원,서울특별시 광진구 강변북로 139,147
종묘,세계문화유산,서울특별시 종로구 종로 157,748
불암산,산,서울특별시 노원구 상계동,51
통인시장,시장,서울특별시 종로구 자하문로15길 18,255
소소한 풍경,한식,서울특별시 종로구 자하문로40길 75,453
청와대사랑채,박물관,서울특별시 종로구 효자로13길 45,753
반포한강공원,시민공원,서울특별시 서초구 신반포로11길 40 한강공원 반포 안내센터,94
탑골공원,근린공원,서울특별시 종로구 종로 99 탑골공원,18
남대문 문구상가,"문구,팬시용품",서울특별시 중구 남대문로 6-2,80
서울어린이대공원,테마파크,서울특별시 광진구 능동로 216,"2,699"
섬세이 테라리움,전시관,서울특별시 성동구 서울숲2길 44-1 지하1층 섬세이 테라리움,152
목인박물관 목석원,박물관,서울특별시 종로구 창의문로5길 46-1,135
용마폭포공원,"도시,테마공원",서울특별시 중랑구 용마산로 250-12 용마폭포공원관리사무소,64
국립민속박물관&국립민속박물관 어린이박물관,박물관,서울특별시 종로구 삼청로 37,28
서울 운현궁,궁궐,서울특별시 종로구 삼일대로 464 운현궁,47
여의도샛강생태공원,"자연,생태공원",서울특별시 영등포구 여의도동 49,18
난지한강공원,시민공원,서울특별시 마포구 한강난지로 162 한강공원 난지안내센터,105
국립항공박물관,박물관,서울특별시 강서구 하늘길 177,789
경동시장,시장,서울특별시 동대문구 고산자로36길 3,49
용산가족공원,근린공원,서울특별시 용산구 서빙고로 137 국립중앙박물관,36
서서울호수공원,"도시,테마공원",서울특별시 양천구 남부순환로64길 26 신월야구장,41
영등포 신길동 홍어거리,"해물,생선요리",서울특별시 영등포구 신길로 200-20 1층 홍어명가,135
무수아취,"캠핑,야영장",서울특별시 도봉구 도봉로169길 249,"2,025"
서울함공원,"도시,테마공원",서울특별시 마포구 마포나루길 407,151
헬로우 에이피엠 (Hello apm),"화장품,향수",서울특별시 중구 장충단로 253 헬로우 에이피엠,28
키자니아 서울,테마파크,서울특별시 송파구 올림픽로 240 키자니아 서울,111
배봉산,산,서울특별시 동대문구 휘경2동 배봉산,10
만해한용운심우장,기념물,서울특별시 성북구 성북로29길 24,11
독립문,기념물,서울특별시 서대문구 현저동 941,36
전쟁기념관,박물관,서울특별시 용산구 이태원로 29 전쟁기념관,772
서울 중부시장,시장,서울특별시 중구 을지로32길 33,24
삼익패션타운,"상가,아케이드",서울특별시 중구 남대문시장8길 7 삼익상가지하 2,60
흥인지문,기념물,서울특별시 종로구 종로 288 흥인지문,46
롯데월드 아쿠아리움,아쿠아리움,서울특별시 송파구 올림픽로 300 롯데월드몰 B1,"9,496"
남산 야외식물원,"식물원,수목원",서울특별시 용산구 이태원동 259-16,189
선유도공원,근린공원,서울특별시 영등포구 선유로 343,67
중명전,국가유산,서울특별시 중구 정동,17
양화한강공원,시민공원,서울특별시 영등포구 노들로 113 양화개나리점,61
수락산,산,서울특별시 노원구 상계동,49
국립고궁박물관,박물관,서울특별시 종로구 효자로 12 국립고궁박물관,119
IFC몰,"쇼핑센터,할인매장",서울특별시 영등포구 여의도동 국제금융로 10 서울 국제금융 센터,"1,986"
관악산 낙성대공원,"도시,테마공원",서울특별시 관악구 낙성대로 77 낙성대공원,104
다이나믹 메이즈 (서울 인사동점),테마파크,서울특별시 종로구 인사동길 12 대일빌딩 지하1층,"2,615"
서대문독립공원,테마공원,서울특별시 서대문구 통일로 247 독립문역,282
대림중앙시장,시장,서울특별시 영등포구 디지털로37나길 21,12
서울역사박물관,박물관,서울특별시 종로구 새문안로 55,34
서울 신림동 민속순대타운,"순대,순댓국",서울특별시 관악구 신림로59길 14 원빌딩 3층 301호,270
더현대 서울,백화점,서울특별시 영등포구 여의대로 108 더현대 서울,"2,326"
서울 효창공원,국가유산,서울특별시 용산구 효창동,24
파크하비오 워터킹덤&스파,워터파크,서울특별시 송파구 송파대로 111 202동 지하1층,"3,445"
서울창포원,"식물원,수목원",서울특별시 도봉구 마들로 916,49
전쟁과여성인권박물관,박물관,서울특별시 마포구 월드컵북로11길 20 전쟁과여성인권박물관,38
마복림할머니집,떡볶이,서울특별시 중구 다산로35길 5,"5,114"
아쿠아플라넷 63,아쿠아리움,서울특별시 영등포구 63로 50,"6,386"
뮤직컴플렉스 서울,"카페,디저트",서울특별시 종로구 인사동길 49 안녕인사동 5층 뮤직컴플렉스서울,610
또순이네집,소고기구이,서울특별시 영등포구 선유로47길 16 오오1004빌딩,"2,778"
우묵배미,돼지고기구이,서울특별시 관악구 남부순환로 1540 1층,126
영등포청과시장,시장,서울특별시 영등포구 영신로41길 5-1 에이원하우징,19
보라매공원,근린공원,서울특별시 동작구 여의대방로20길 33,838
청계산,돼지고기구이,서울특별시 서초구 청계산로 434,632
호텔 카푸치노,3성급,서울특별시 강남구 봉은사로 155 호텔 카푸치노,183
한강시민공원 망원지구(망원한강공원),시민공원,서울특별시 마포구 마포나루길 467 한강공원망원지구사무소,141
국립한글박물관,박물관,서울특별시 용산구 서빙고로 139,265
토속촌삼계탕,"백숙,삼계탕",서울특별시 종로구 자하문로5길 5 토속촌,"4,675"
허준박물관,박물관,서울특별시 강서구 허준로 87 허준박물관,39
남산공원,"도시, 테마공원",서울 중구 삼일대로 231,130
석파랑,한정식-일반,서울특별시 종로구 자하문로 309,87
마로니에공원,근린공원,서울특별시 종로구 대학로 104,401
[백년가게]선천집,한식,서울특별시 종로구 인사동14길 5,58
경춘선숲길,도보코스,서울특별시 노원구 공릉동 272-2,23
종이나라박물관,박물관,서울특별시 중구 장충단로 166 종이나라빌딩 2층,182
청수정,한식,서울특별시 종로구 삼청로 91,996
코엑스 아쿠아리움,아쿠아리움,서울특별시 강남구 영동대로 513,"9,220"
피규어뮤지엄W,박물관,서울특별시 강남구 선릉로158길 3 Ys Roo,143
서울 종로 낙지볶음 골목,"족발,보쌈",서울특별시 종로구 수표로20길 22,609
채석장 전망대,전망대,서울특별시 종로구 낙산5길 51,203
[백년가게]만석장,한식,서울특별시 은평구 대서문길 43-10,"1,044"
서울광장 스케이트장,스케이트장,서울특별시 중구 을지로 12,44
용산초등학교 실내수영장,수영장,서울특별시 용산구 한강대로57길 33 용산초등학교수영장,29
반포 서래섬,섬,서울특별시 서초구 반포동,21
둘리뮤지엄,박물관,서울특별시 도봉구 시루봉로1길 6,407
응봉산(서울),산,서울특별시 성동구 금호동4가 1540 응봉산,47
서울책보고,서점,서울특별시 송파구 오금로 1 서울책보고,333
서소문성지역사박물관,박물관,서울특별시 중구 칠패로 5,300
[백년가게]선동보리밥,보리밥,서울특별시 성북구 성북로 134-4 선동보리밥,591
승진완구,장난감,서울특별시 종로구 종로52길 30,"2,133"
스파레이,찜질방,서울특별시 서초구 강남대로107길 5 크레신빌딩,218
잠실한강공원,시민공원,서울특별시 송파구 한가람로 65 한강사업본부 잠실안내센터,70
디타워 (replace 광화문),"쇼핑센터,할인매장",서울특별시 종로구 종로3길 17 디타워 광화문,14
가락농수산물종합도매시장,시장,서울특별시 송파구 양재대로 932 가락동 농수산물도매시장,12
이촌한강공원,시민공원,서울특별시 용산구 이촌로72길 62 한강공원 이촌안내센터,40
강동그린웨이 가족캠핑장,"캠핑,야영장",서울특별시 강동구 천호대로206길 87,101
사육신공원,근린공원,서울특별시 동작구 노량진로 191 사육신묘지공원,14
서소문역사공원,근린공원,서울특별시 중구 칠패로 5 서소문공원,11
태릉국제스케이트장,스케이트장,서울특별시 노원구 화랑로 681,39
대림창고,"카페,디저트",서울특별시 성동구 성수이로 78,"2,176"
삼청공원,근린공원,서울특별시 종로구 삼청로 156 삼청공원관리실,20
연서시장,시장,서울특별시 은평구 통일로 850 연서시장,214
컨퍼런스하우스달개비 정동점,한정식-일반,서울특별시 중구 세종대로19길 16,91
겟댓샷(Get That Shot),"카페,디저트",서울특별시 영등포구 경인로 846 롯데백화점영등포점 1층,615
박물관은 살아있다(인사동점),테마파크,서울특별시 종로구 인사동길 12 대일빌딩 지하1층,773
대학로,"거리,골목",서울특별시 종로구 동숭동,11
도산공원,테마공원,서울특별시 강남구 도산대로45길 20 도산전시관,44
플로팅아일랜드,섬,서울특별시 서초구 올림픽대로 2085-14 세빛섬,44
더 스팟 패뷸러스,"카페,디저트",서울특별시 중구 명동2길 22 1.2층,"2,165"
서울상상나라,박물관,서울특별시 광진구 능동로 216 서울상상나라,"2,084"
진고개,한식,서울특별시 중구 충무로 19-1,420
그랜드 인터컨티넨탈 서울 파르나스,호텔,서울특별시 강남구 테헤란로 521 그랜드 인터컨티넨탈 서울 파르나스,"1,567"
북촌박물관,박물관,서울특별시 종로구 북촌로 39,39
서울신라호텔,5성급,서울특별시 중구 동호로 249,"3,956"
아차산 어울림정원,"자연,생태공원",서울특별시 광진구 워커힐로 127 아차산 생태공원,20
롯데월드 민속박물관,박물관,서울특별시 송파구 올림픽로 240 롯데월드,"1,097"
우래옥,냉면,서울특별시 중구 창경궁로 62-29,"4,566"
씨랄라 워터파크,워터파크,서울특별시 영등포구 문래로 164 지하 2층,"1,517"
밀리오레,"상가, 아케이드",서울특별시 중구 장충단로 263,97
노량진수산물도매시장,시장,서울특별시 동작구 노들로 674 노량진수산물도매시장,700
인왕산 더숲 초소책방,카페,서울특별시 종로구 인왕산로 172,"4,853"
광나루한강공원 암사생태공원,"자연,생태공원",서울특별시 강동구 암사동 616-1,10
매헌 시민의 숲,자연공원,서울특별시 서초구 매헌로 99,46
도봉산,산,서울특별시 도봉구 도봉동,71
서울 암사동 유적,"유적지,사적지",서울특별시 강동구 올림픽로 875,178
리얼월드 성수,"관람,체험",서울특별시 성동구 연무장13길 8 메리히어 1층 리얼월드 성수,147
롯데월드 아이스링크(실내),아이스링크,서울특별시 송파구 올림픽로 240,"4,979"
광나루한강공원,시민공원,서울특별시 강동구 암사동 659-1,15
교보문고,서점,서울특별시 종로구 종로 1 교보생명빌딩 지하1층,"23,013"
잠원한강공원,시민공원,서울특별시 서초구 잠원동,81
풋볼 팬타지움,박물관,서울특별시 마포구 월드컵로 240,18
달맞이봉공원,근린공원,서울특별시 성동구 금호동4가 산27,13
[백년가게]삼거리 먼지막 순대국,"순대,순댓국",서울특별시 영등포구 시흥대로185길 11,"1,022"
아이파크몰 용산점,"쇼핑센터,할인매장",서울특별시 용산구 한강대로23길 55,"5,539"
서울 중앙시장,시장,서울특별시 중구 퇴계로85길 36,15
세종한우정육점식당  2호점,정육식당,서울특별시 강남구 학동로 219 국제빌딩 지층,481
그랜드 워커힐 리버파크(야외수영장),수영장,서울특별시 광진구 워커힐로 177,523
청계천박물관,박물관,서울특별시 성동구 청계천로 530 청계천박물관,40
용마산,산,서울특별시 중랑구 면목동,45
장충단공원,"도시,테마공원",서울특별시 중구 동호로 257-10,23
하우스 도산,선글라스,"서울특별시 강남구 압구정로46길 50 M층, 2층, 3층",141
레치키치 스튜디오,"사진,스튜디오",서울특별시 마포구 신촌로2안길 2 보애빌딩 지하,"2,225"
프레젠트모먼트,인테리어소품,서울특별시 마포구 동교로 49-1 1층,197
헌인릉 생태경관보전지역(오리나무림),"자연,생태공원",서울특별시 서초구 헌인릉길 36-10 헌인릉,15
은평한옥마을,체험마을,서울특별시 은평구 진관동 193-14,53
우리유황온천,"온천,스파",서울특별시 광진구 자양로5길 33 지하2층,227
파리공원,"도시,테마공원",서울특별시 양천구 목동동로 363 파리공원,32
한성백제박물관,박물관,서울특별시 송파구 위례성대로 71 한성백제박물관,330
서울생활사박물관,박물관,서울특별시 노원구 동일로174길 27,36
강변스파랜드,찜질방,서울특별시 광진구 구의강변로 45 지하2층,452
삼청동수제비,한식,서울특별시 종로구 삼청로 101-1,"6,211"
광화문광장,광장,서울특별시 종로구 세종대로 175 세종이야기,123
서대문안산,산,서울특별시 서대문구 봉원동,24
런던베이글뮤지엄,베이커리,서울특별시 종로구 북촌로4길 20,"6,466"
서울광장,광장,서울특별시 중구 을지로 12 시청광장지하쇼핑센터,59
중랑장미공원,근린공원,서울특별시 중랑구 묵동 375,33
양재꽃시장,"원예,화훼농원",서울특별시 서초구 강남대로 27 화훼공판장 나동 87호 양재꽃시장꽃과나무,10
여의도공원,근린공원,서울특별시 영등포구 여의도동 여의공원로 68 여의도공원관리사무소,474
삼원가든,한식,서울특별시 강남구 언주로 835,748
마포농수산물시장,시장,서울특별시 마포구 월드컵로 235,65
진주회관,국수,서울특별시 중구 세종대로11길 26,"5,098"
이새,패션,서울특별시 종로구 인사동길 30-1 인사유리,16
방산 종합시장,냉면,서울특별시 중구 창경궁로 62-29,"4,566"
서울 평화시장,"상가,아케이드",서울특별시 중구 청계천로 274,10
공덕동 족발 골목,"족발,보쌈",서울특별시 마포구 만리재로 19,259
이화여고100주년기념관,"카페,디저트",서울특별시 중구 정동길 26 이화여고100주년기념관,449
샤오바오우육면 종로본점,중식당,서울특별시 종로구 삼일대로17길 15,"4,090"
광장시장 한복매장,한복,서울특별시 종로구 창경궁로 88 광장시장2층 구관 32호,12
창의문,보물,서울특별시 종로구 창의문로 118,13
세종대왕동상,기념물,서울특별시 종로구 세종대로 172,32
서대문문화체육회관실내수영장,수영장,서울특별시 서대문구 백련사길 39,49
구로중앙유통단지,"상가,아케이드",서울특별시 구로구 경인로53길 15,10
고속터미널 꽃도매상가,시장,서울특별시 서초구 신반포로 194 강남고속버스터미널,10
수연산방,차,서울특별시 성북구 성북로26길 8 상허 이태준 가옥,567
강서농산물도매시장,시장,서울특별시 강서구 발산로 40 강서농산물도매시장,170
오금오름공원,"도시,테마공원",서울특별시 송파구 오금로 363 오금근린공원,15
용산공원 반환부지,근린공원,서울특별시 용산구 서빙고로 221,12
약령시장,"거리,골목",서울특별시 동대문구 제기동,19
뚝섬 한강공원 수영장,수영장,서울특별시 광진구 자양동 112,16
응정헌,전통숙소,서울특별시 은평구 연서로50길 19,213
정릉(신덕왕후),"유적지,사적지",서울특별시 성북구 아리랑로19길 116,23
양천공원,근린공원,서울특별시 양천구 목동동로 111,19
봉화산,산,서울특별시 중랑구 묵동,18
오동근린공원,근린공원,서울특별시 강북구 번동 산12,10
롯데아울렛 서울역점,아울렛,서울특별시 용산구 한강대로 405 롯데아울렛서울역점,"1,171"
104고지전적비,기념물,서울특별시 서대문구 연희동 산100-1,203
용마랜드,촬영장소,서울특별시 중랑구 망우로70길 118,16
통인가게 미술,"미술,공예품",서울특별시 종로구 인사동길 32,46
롯데월드,테마파크,서울특별시 송파구 올림픽로 240,"15,214"
세운상가,"상가,아케이드",서울특별시 종로구 청계천로 159,49
서초구민체육센터수영장,수영장,서울특별시 서초구 사평대로 55 서초구민체육센터.심산기념문화센터,11
서촌게스트하우스,게스트하우스,서울특별시 종로구 자하문로7길 28-3 통인동,37
황궁우,국가유산,서울 중구 소공동,14
필동면옥,냉,서울 중구 서애로 26,"2,253"
간송미술관,박물,서울 성북구 성북로 102-11 간송미술관,16
금강제화 영등포본점,신발,서울특별시 영등포구 영중로 18,103
동림매듭공방,박물관,서울특별시 종로구 북촌로12길 10,15
더퍼스트스테이 호텔,4급,서울특별시 강서구 마곡동로4길 23,111
도넛정수 창신,"카페,디저트",서울특별시 종로구 창신12길 40,"1,188"
티테라피,카페,서울특별시 종로구 윤보선길 74,645
SLP 어린이회관 눈썰매장,눈썰매장,서울특별시 광진구 광나루로 441,750
진옥화할매원조닭한마리,닭요리,서울특별시 종로구 종로40가길 18,"3,720"
용산역광장,근린공원,서울특별시 용산구 한강대로23길 55,79
홍난파가옥,국가유산,서울특별시 종로구 송월1길 38,12
강서구 고성막국수,막국수,서울특별시 강서구 방화대로49길 6-7,465
에프마켓남부낚시,낚시,서울 금천구 시흥대로 443,98
돌실나이 본사할인점,한복,서울특별시 종로구 혜화로 29,31
백인제가옥,"문화,유적",서울특별시 종로구 북촌로7길 16,17
롯데백화점 본점 에비뉴엘,백화점,서울특별시 중구 남대문로 73 롯데백화점에비뉴엘,683
원조홍어 본점,"해물,생선요리",서울특별시 영등포구 신길로 200-22,55
고려대학교서울캠퍼스아이스링크,아이스링크,서울특별시 성북구 안암로 145,47
메이필드호텔,5성급,서울특별시 강서구 방화대로 94,825
해방촌 혼고,"육류,고기요리",서울특별시 용산구 신흥로 89 1층 혼고,290
해밀톤 호텔,3성급,서울특별시 용산구 이태원로 179,178
국립중앙박물관 어린이박물관,박물관,서울특별시 용산구 서빙고로 137 국립중앙박물관,"1,008"
카페 할아버지공장,"카페,디저트",서울특별시 성동구 성수이로7가길 9,"2,315"
울프강스테이크하우스,"스테이크,립",서울특별시 강남구 선릉로152길 21 영인빌딩 1층,"3,550"
남도분식 익선점,분식,서울특별시 종로구 수표로28길 33,706
태극당,베이커리,서울특별시 중구 동호로24길 7,"9,707"
수도박물관,박물관,서울특별시 성동구 왕십리로 27,10
낙원떡집,"떡,한과",서울특별시 종로구 삼일대로 438,774
북악산,산,서울특별시 종로구 부암동,32
두가헌 레스토랑,이탈리아음식,서울특별시 종로구 삼청로 14,31
써미트 호텔 서울,3성급,서울특별시 중구 장충단로 198,41
RSG 성수,"카페,디저트",서울특별시 성동구 연무장15길 11 C동 110호,12
포포인츠 바이 쉐라톤 조선 서울역,4성급,서울특별시 용산구 한강대로 366 포포인츠바이쉐라톤조선 서울역,485
창경궁 홍화문,기념물,서울특별시 종로구 창경궁로 185,90
금강제화 명동본점,신발,서울특별시 중구 명동8길 30 금강제화 명동본점,96
구로공단 노동자생활체험관,전시관,서울특별시 금천구 벚꽃로44길 17 금천 순이의 집 구로공단 노동자생활체험관,12
그랜드 워커힐 서울,5성급,서울특별시 광진구 워커힐로 177 그랜드워커힐 서울,"1,001"
한국은행 화폐박물관,박물관,서울특별시 중구 남대문로 39 한국은행,13
관악산 호수공원,"도시,테마공원",서울특별시 관악구 신림동 203,27
스미스가 좋아하는 한옥,이탈리아음식,서울특별시 종로구 삼청로 22-7,702
뉘조,한정식-일반,서울특별시 종로구 인사동14길 27,145
하나로회관,한정식-일반,서울특별시 종로구 인사동5길 25 지하1층 하나로회관,223
스토리지북앤필름,독립서점,서울특별시 용산구 신흥로 115-1 1층,150
고투몰,"상가,아케이드",서울특별시 서초구 신반포로 200 고투몰,361
비스타 워커힐 서울,5성급,서울특별시 광진구 워커힐로 177 비스타 워커힐 서울,559
광운대학교 아이스링크,아이스링크,서울특별시 노원구 광운로 21,124
명동칼국수 본점,"칼국수,만두",서울 중구 명동10길 29,355
배재학당역사박물관,박물관,서울특별시 중구 서소문로11길 19 배재학당역사박물관,17
소문난성수감자탕 별관,감자탕,서울특별시 성동구 연무장7길 4 해피드림,"2,048"
마장 축산물시장,시장,서울특별시 성동구 마장로33길 53,70
서울 살곶이 다리,보물,서울특별시 성동구 성수동1가 694-124,11
진미옥설농탕,"곰탕,설렁탕",서울특별시 송파구 가락로16길 3-12 성창빌딩 1층,486
꽃새우 영번지,"해물,생선요리",서울특별시 강남구 언주로 536,106
우표박물관,박물관,서울특별시 중구 소공로 70 지하2층 우표박물관,622
길음시장,시장,서울특별시 성북구 동소문로 227,27
설화수 도산 플래그십 스토어,"화장품,향수",서울특별시 강남구 도산대로45길 18,21
방신재래시장,시장,서울특별시 강서구 방화동로16길 31,33
오목공원,근린공원,서울특별시 양천구 목동서로 159-2,38
다락원체육공원,"도시,테마공원",서울특별시 도봉구 마들로 932 평화문화진지,22
천호공원,근린공원,서울특별시 강동구 올림픽로 702 해공도서관,99
서울약령시 한의약박물관,박물관,서울특별시 동대문구 약령중앙로 26,71
서울마리나,요트,서울특별시 영등포구 여의서로 160,170
롯데시티호텔 명동,4성급,서울특별시 중구 삼일대로 362,321
아시아공원,근린공원,서울특별시 송파구 올림픽로 44,39
목3동시장,시장,서울특별시 양천구 목동중앙북로 29,77
하모니마트 명동역점,"슈퍼,마트",서울특별시 중구 명동10길 58 신일빌딩별관 지하1층,86
강남아르누보씨티호텔,4급,서울특별시 서초구 서초대로74길 49,50
가락몰,시장,서울특별시 송파구 양재대로 932 가락동 농수산물도매시장,12
63아트,아쿠아리움,서울특별시 영등포구 63로 50,252
목동종합운동장실내아이스링크,아이스링크,서울특별시 양천구 안양천로 939,637
오클라우드호텔,4급,서울특별시 서초구 사평대로58길 12,33
태릉골프장,스크린골프장,서울특별시 노원구 동일로 986 노원프레미어스엠코 지하2층,54
초안산캠핑장,"캠핑,야영장",서울특별시 노원구 마들로5가길 66-107,31
해주냉면 본점,냉면,서울특별시 송파구 백제고분로7길 8-16,"1,542"
충무로부산복집,복어요리,서울특별시 송파구 중대로27길 9-1 동호빌딩,53
평창동북악정 신관,"육류,고기요리",서울특별시 종로구 평창문화로 169,583
절두산 순교성지,"유적지,사적지",서울특별시 마포구 토정로 6,13
계림식당,닭볶음탕,서울특별시 종로구 돈화문로4길 39,"1,427"
자하손만두,만두,서울특별시 종로구 백석동길 12,"1,448"
한강공원 뚝섬 눈썰매장,눈썰매장,서울특별시 광진구 자양동 112 뚝섬 한강공원 수영장,506
키누카누,"일식,초밥뷔페","서울특별시 강서구 공항대로 247 퀸즈파크나인 b103, b104호","3,086"
청량리수산시장,시장,서울특별시 동대문구 고산자로34길 48-1 203호,15
라마다 호텔앤스위트 서울남대문,3급,서울특별시 중구 칠패로 27 라마다 호텔앤스위트 남대문,89
방이시장,시장,서울특별시 송파구 백제고분로48길 41,40
황생가칼국수,"칼국수,만두",서울특별시 종로구 북촌로5길 78,"4,157"
아모레 성수,"화장품,향수",서울특별시 성동구 아차산로11길 7 아모레성수,332
개봉중앙시장,시장,서울특별시 구로구 개봉로17길 34 중앙시장,20
부민옥,"육류,고기요리",서울특별시 중구 다동길 24-12,834
공릉동도깨비시장,시장,서울특별시 노원구 동일로180길 53,47
김가네가마솥설렁탕,소고기구이,서울특별시 강서구 방화동로 56 김가네설렁탕 1층,861
더리버사이드 호텔,3성급,서울특별시 서초구 강남대로107길 6 리버사이드호텔,138
서리풀공원,근린공원,서울특별시 서초구 서초동 1005-6,13
동작노을카페,"카페,디저트",서울특별시 동작구 동작대로 335,58
영등포전통시장,시장,서울특별시 영등포구 영등포동5가 33-29,80
비언유주얼,양식,서울특별시 강남구 선릉로108길 5 지하1층,436
대신시장,시장,서울특별시 영등포구 도신로60길 7,27
"조선 팰리스 서울 강남, 럭셔리 컬렉션 호텔",5성급,서울특별시 강남구 테헤란로 231 센터필드타워 웨스트동,444
레스케이프 호텔 (L’Escape Hotel),4성급,서울특별시 중구 퇴계로 67,609
청송옥,국밥,서울특별시 중구 서소문로11길 14,349
신문박물관,박물관,"서울특별시 종로구 세종대로 152 일민미술관건물 5층, 6층",28
신세계백화점 (본점),백화점,서울특별시 중구 소공로 63 신세계백화점본점,"1,228"
다비치안경 (명동점),안경원,서울특별시 중구 소공로 62,812
코코넛박스,"카페,디저트",서울특별시 마포구 홍익로3길 20 지하 2층,"4,428"
코트야드 메리어트 서울 남대문,4성급,서울특별시 중구 남대문로 9 코트야드 메리어트 서울 남대문 호텔,102
동방명주 충무로점,중식당,서울특별시 중구 퇴계로 186,524
프레이저 플레이스 센트럴 서울,4성급,서울특별시 중구 통일로 78 프레이저 플레이스 센트럴,178
한국전통관광명품점,전통공예,서울특별시 종로구 인사동길 9,80
망우 역사 문화공원,테마공원,서울특별시 중랑구 망우로91길 2,39
아름다운 차박물관,박물관,서울특별시 종로구 인사동길 19-11,230
수성동계곡,계곡,서울특별시 종로구 옥인동 185-3,22
남평화상가,시장,서울특별시 중구 장충단로 282-10 남평화시장,126
소선재,한식,서울특별시 종로구 삼청로 113-1 소선재,283
10꼬르소꼬모 청담점,종합패션,"서울특별시 강남구 압구정로 416 (청담동) 1층, 2층",76
춘원당한의약박물관,박물관,서울특별시 종로구 돈화문로9길 27,12
종로 떡박물관,박물관,서울특별시 종로구 돈화문로 71 인산빌딩,45
북한산둘레캠핑장,"캠핑,야영장",서울특별시 은평구 연서로 608-2,653
쭈꾸미킹2.0 상봉점,주꾸미요리,서울특별시 중랑구 송림길 13,"2,204"
한국천주교순교자박물관,"유적지,사적지",서울특별시 마포구 토정로 6,13
서울한옥스테이(jnpstay),게스트하우스,서울특별시 종로구 자하문로1나길 7-28,130
와이키키마켓,"육류,고기요리",서울특별시 마포구 마포나루길 332 와이키키마켓,931
한강시민공원 잠원수영장,수영장,서울특별시 서초구 잠원로 145-57,134
그랜드하얏트 서울 아이스링크,아이스링크,서울특별시 용산구 소월로 322,249
강북구 서당골,한식,서울특별시 강북구 한천로 1153,845
종이잡지클럽,서점,서울특별시 마포구 양화로8길 32-15 지하 1층,42
반얀트리 클럽 앤 스파 서울,5성급,서울특별시 중구 장충단로 60,191
신라면세점(서울점),면세점,서울특별시 중구 동호로 249,518
하이서울유스호스텔 레스토랑,호스텔,서울특별시 영등포구 영신로 200 하이서울유스호스텔,172
켄싱턴호텔 여의도 뉴욕뉴욕,"스테이크,립",서울특별시 영등포구 국회대로76길 16 켄싱턴호텔 여의도 1층,473
남산골산채집,돈가스,서울특별시 중구 소파로 95 1층,"2,561"
서울올림픽파크텔,4급,서울특별시 송파구 올림픽로 424,321
코리아나 호텔,4성급,서울특별시 중구 세종대로 135 코리아나호텔,819
시간을 담다,베이커리,서울특별시 강동구 동남로49길 54 지하 1층,264
신창시장,시장,서울특별시 도봉구 창동 445-20,73
중구 베테랑칼국수,"칼국수,만두",서울특별시 중구 남대문로 81 롯데백화점 본점 B1F,476
한옥 게스트하우스 동촌재,게스트하우스,서울특별시 종로구 자하문로11길 21-10 동촌재,42
꽃밥에피다,한식,서울특별시 종로구 인사동16길 3-6,"1,772"
고척근린시장,시장,서울특별시 구로구 고척로32길 11-3,29
소소하우스,전통숙소,서울특별시 종로구 필운대로5가길 16-5,45
패션5,베이커리,서울특별시 용산구 이태원로 272 SPC빌딩,"4,504"
페르시안궁전,인도음식,서울특별시 종로구 성균관로6길 9,"2,370"
강동 오늘손칼국수,"칼국수,만두",서울특별시 강동구 풍성로 206,836
핫트랙스 (광화문점),"문구,팬시용품",서울특별시 종로구 종로 1 교보생명빌딩 B1,"6,480"
JW 메리어트 호텔 서울,5성급,서울특별시 서초구 신반포로 176 JW 메리어트 호텔 서울,564
더 플라자 호텔 서울,5성급,서울특별시 중구 소공로 119,524
갤러리에이엠,패션,서울특별시 강남구 논현로159길 66,27
필경재,한식,서울특별시 강남구 광평로 205 필경재,56
평화의공원,"도시,테마공원",서울특별시 마포구 증산로 32,172
캘리포니아 관광호텔,2성급,서울특별시 송파구 송파대로28길 11 캘리포니아관광호텔,30
송림식당,기사식당,서울특별시 광진구 자양번영로 79,"1,642"
일일향 논현2호점,중식당,서울특별시 강남구 봉은사로 167,486
더케이호텔서울,4성급,서울특별시 서초구 바우뫼로12길 70 더케이호텔서울,779
서초동노랑저고리,한정식-일반,서울특별시 서초구 서초대로73길 9 타임빌딩 5층,"1,018"
양재근린공원,근린공원,서울특별시 서초구 동산로 35,20
중구 송원,한식,서울특별시 중구 동호로24길 35-4,232
용양봉저정 공원,근린공원,서울특별시 동작구 본동 산3-9,15
봉천중앙시장,시장,서울특별시 관악구 관악로 211 봉천중앙시장,88
서울시립대학교박물관,박물관,서울특별시 동대문구 서울시립대로 163 서울시립대학교,30
신당동천팥죽,죽,서울특별시 중구 다산로44길 33,588
태릉시장,시장,서울특별시 중랑구 동일로129길 35,14
동흥관,중식당,서울특별시 금천구 시흥대로63길 20,970
강남구 카페엠,브런치카페,서울특별시 강남구 삼성로 634 1층,179
송림가,한정식-일반,서울특별시 구로구 경인로 398 송림가,391
63뷔페 파빌리온,뷔페,"서울특별시 영등포구 63로 50 한화금융센터63,GF","4,359"
강강술래신림본동점,"육류,고기요리",서울특별시 관악구 남부순환로 1660,"3,085"
세인트제임스 삼청점,캐주얼웨어,서울특별시 종로구 삼청로 78,43
송추가마골 은평1호점,"육류,고기요리",서울특별시 은평구 북한산로 276 예강1,"1,610"
봉래헌(메이필드호텔),한정식-일반,서울특별시 강서구 방화대로 94 메이필드호텔 봉래헌,54
그랜드 하얏트 서울,5성급,서울특별시 용산구 소월로 322,"1,639"
웨스틴 조선 서울,5성급,서울특별시 중구 소공로 106,"2,017"
꾸에바마테라,"카페,디저트",서울특별시 용산구 소월로20길 28-1 1층,89
신영시장,시장,서울특별시 양천구 월정로 161-5,30
갤러리아백화점명품관EAST,백화점,서울특별시 강남구 압구정로 407 갤러리아백화점명품관EAST,"1,940"
문화철도 959,"키즈카페,실내놀이터","서울특별시 구로구 경인로 688 1호선 신도림역 2층, 3층",80
고려삼계탕,"백숙,삼계탕",서울특별시 중구 서소문로11길 1,827
금천구춘천옥,한식,서울특별시 금천구 디지털로12길 19,469
짚풀생활사박물관,박물관,서울특별시 종로구 성균관로4길 45,17
인크커피 가산점,"카페,디저트",서울특별시 금천구 가산디지털2로 127-20,"3,377"
성북동누룽지백숙,한식,서울특별시 성북구 성북로31길 9,"1,655"
고래불,생선회,"서울특별시 강남구 논현로79길 62 백악빌딩 1, 2층 고래불",414
배정철어도,생선회,서울특별시 강남구 언주로148길 14 청호불교문화원 1층,83
아이러브신당동떡볶이,떡볶이,서울특별시 중구 퇴계로76길 50 아이러브떡볶이,"5,482"
베스트웨스턴 프리미어 서울가든호텔,4성급,서울특별시 마포구 마포대로 58 가든호텔,517
케르반레스토랑,아시아음식,서울특별시 용산구 이태원로 192 1층,891
한강공원 난지캠핑장,"캠핑,야영장",서울특별시 마포구 한강난지로 28,222
동국대학교 박물관,박물관,서울특별시 중구 필동로1길 30,15
세인트제임스 서울,캐주얼웨어,서울특별시 강남구 논현로175길 94,37
서울 서초 글램핑 청계산장,"캠핑,야영장",서울특별시 서초구 청계산로 140-94,21
진주집,국수,서울특별시 영등포구 국제금융로6길 33 지하 1층,"4,730"
호남식당,"순대,순댓국",서울특별시 마포구 마포대로6길 10,501
두타몰,신발,서울특별시 중구 장충단로 275 두타몰 지하1층,202
서대문수빈,한정식-일반,서울특별시 서대문구 연희로25길 31-3,698
때때롯살롱,한복,서울특별시 종로구 수표로28길 21-12,270
여의도백리향,중식당,서울특별시 영등포구 63로 50 한화금융센터_63 57층,396
용산전자랜드,"상가,아케이드",서울특별시 용산구 청파로 74 전자랜드(신관),350
롯데호텔서울,5성급,서울특별시 중구 을지로 30,"1,202"
봉일시장,시장,서울특별시 관악구 은천로 28 봉일프라자,15
송파구횡성한우,소고기구이,서울특별시 송파구 오금로 113 1층,831
도봉구대문한정식,한정식-일반,서울특별시 도봉구 시루봉로 139-6,802
촛불1978,양식,서울특별시 중구 소파로 95 촛불 레스토랑,"1,481"
노룬산골목시장,시장,서울특별시 광진구 자양동 816-79,52
평안도족발집,"족발,보쌈",서울특별시 중구 장충단로 174-6,"1,505"
청와옥 본점,"순대,순댓국",서울특별시 송파구 위례성대로 48 반도빌딩 1층,"3,767"
서대문구형제갈비,"육류,고기요리",서울특별시 서대문구 명물1길 2,"1,001"
노보텔 앰배서더 강남,5성급,서울특별시 강남구 봉은사로 130,370
엘크레,메이크업,서울특별시 강남구 도산대로15길 41 1층 엘크레,808
가회민화박물관,박물관,서울특별시 종로구 북촌로 52,17
송화산시도삭면,"딤섬,중식만두",서울특별시 광진구 뚝섬로27길 48,"1,353"
콘래드 서울,5성급,서울특별시 영등포구 국제금융로 10 서울 국제금융 센터,456
신성종합시장,시장,서울특별시 광진구 용마산로 50,13
참만나,"육류,고기요리",서울특별시 노원구 화랑로 443 6.7디벨리움 3층,407
제일콩집,두부요리,서울특별시 노원구 동일로174길 37-8,"1,523"
무교동 북어국집,해장국,서울특별시 중구 을지로1길 38,"2,554"
전민규의황제누룽지탕 노원직영점,한식,서울특별시 노원구 노해로77길 14-8,"2,220"
현대백화점 (압구정본점),백화점,서울특별시 강남구 압구정로 165 현대백화점압구정본점,705
WANGTHAI,태국음식,서울특별시 용산구 이태원로 151,324
성수살라댕템플,양식,서울특별시 성동구 성수이로16길 32,578
관훈동 산촌,사찰음식,서울특별시 종로구 인사동길 30-13,184
로씨니,이탈리아음식,서울특별시 종로구 북촌로 18,33
대도식당 왕십리본점,소고기구이,서울특별시 성동구 무학로12길 3,838
길동복조리시장,시장,서울특별시 강동구 천호대로187길 62,100
이비스 앰배서더 명동,3성급,서울특별시 중구 남대문로 78,88
산채향,한식,서울특별시 중구 청계천로 8 프리미어플레이스,364
사간동푸드떼,"카페,디저트",서울특별시 종로구 율곡로1길 40-37 한옥,309
관훈동 한국공예관,전통공예,서울특별시 종로구 인사동길 33,114
네이처리퍼블릭 명동월드점,"화장품,향수",서울특별시 중구 명동8길 52,183
서강대박물관,박물관,서울특별시 마포구 백범로 35 아루페관 6층,15
고척근린공원,근린공원,서울특별시 구로구 고척로45길 39 구로구민체육센터,66
JW 메리어트 동대문 스퀘어 서울,5성급,서울특별시 종로구 청계천로 279,545
종로구콰니,"가방,핸드백",서울특별시 종로구 사직로8길 1-3,83
테크노마트,휴대폰,서울특별시 구로구 새말로 97,99
켄싱턴호텔 여의도,4성급,서울특별시 영등포구 국회대로76길 16,423
마포삼다코지,카페,서울특별시 마포구 독막로9길 34 1층,842
옛날집낙원아구찜,"아귀찜,해물찜",서울특별시 종로구 삼일대로 436,383
영일분식,종합분식,서울특별시 영등포구 도림로141가길 34-1,"1,550"
아재왔소,한식,서울특별시 도봉구 도봉산4길 3-22,104
르몽블랑,"카페,디저트",서울특별시 용산구 신흥로 99-4 1층,549
대치동중앙해장,해장국,서울특별시 강남구 영동대로86길 17 육인빌딩,"3,238"
고궁의 아침,"육류,고기요리",서울특별시 종로구 창경궁로 158 고궁의아침,644
성북동돼지갈비본점,돼지고기구이,서울특별시 성북구 성북로 115,507
강동황도바지락칼국수,"칼국수,만두",서울특별시 강동구 천호대로 1256,892
금왕돈까스,돈가스,서울 성북구 성북로 138,120
운산,한정식-일반,서울특별시 영등포구 여의공원로 101 C.C.M.M빌딩 지하1층,251
서초구통나무집,소고기구이,서울특별시 서초구 헌인릉길 9 청와대산장,254
설마중,"육류,고기요리",서울특별시 서초구 남부순환로 2648,486
강서도일처,중식당,서울특별시 강서구 개화동로 567,578
강남곰바위,"곱창,막창,양",서울특별시 강남구 영동대로115길 10,483
스탠포드호텔 서울,4성급,서울특별시 마포구 월드컵북로58길 15,302
소공동세란안경,안경원,서울특별시 중구 을지로 30 롯데호텔 B1F,36
드럼통 참숯석쇠구이,"육류,고기요리",서울특별시 송파구 삼학사로19길 3,268
화곡본동시장,시장,서울특별시 강서구 까치산로 35,13
KCDF 갤러리숍 공예정원,"미술,공예품",서울특별시 종로구 인사동11길 8,24
서울청계광장,광장,서울특별시 중구 태평로1가 1,41
종로구밀림,태국음식,서울특별시 종로구 창신6나길 17-6,939
인사동 촌,한정식-일반,서울특별시 종로구 인사동14길 19,278
[백년가게]대호정,"육류,고기요리",서울특별시 금천구 시흥대로52길 51,139
우림시장,시장,서울특별시 중랑구 망우로62길 52-4,128
아델라베일리,이탈리아음식,서울특별시 종로구 북악산로 48,"1,520"
마천중앙시장,시장,서울특별시 송파구 마천로45길 23,84
삼대할먼네,떡볶이,서울특별시 중구 퇴계로76길 50,800
용산구기와,한정식-일반,서울특별시 용산구 한강대로21나길 40 드래곤힐스파 1층 기와한정식,441
을지다방,다방,서울특별시 중구 을지로 124-1 2층,340
해담채 남부터미널점,해담채,서울특별시 서초구 서초중앙로5길 10-8 쁘띠오피스텔 지하 1층,417
감꽃당,베이커리,서울특별시 종로구 돈화문로11다길 38,"2,192"
골든블루마리나,요트,서울특별시 서초구 올림픽대로 2085-14 세빛섬 골든블루마리나,780
국화정원,한정식-일반,서울특별시 성북구 성북로 154,157
뽐모도로,이탈리아음식,서울특별시 종로구 새문안로9길 19-1 일선빌딩 1층,793
영풍문고 스타필드코엑스몰점,서점,서울특별시 강남구 영동대로 513 코엑스몰 B1 J101A,"5,021"
트레스드,"카페,디저트",서울특별시 송파구 백제고분로15길 50 1층,672
수유동가문,중식당,서울특별시 강북구 노해로 13 가문,166
북한산 큰숲 제빵소,베이커리,서울특별시 은평구 북한산로 271-3 북한산큰숲제빵소,183
리치다이아몬드호텔,2성급,서울특별시 강북구 삼양로 500-18,59
송화벽화시장,시장,서울특별시 강서구 강서로 263-29,61
다래함박스텍,돈가스,서울특별시 강북구 수유로 20-2,"1,319"
카카오프렌즈 홍대 플래그십 스토어,"문구,팬시용품",서울특별시 마포구 양화로 162 좋은사람들빌딩 1~3층,"2,763"
아트박스 (영등포점),"문구,팬시용품",서울특별시 영등포구 영중로 15 타임스퀘어 지하1층,"1,135"
뱃고동,낙지요리,서울특별시 강남구 언주로172길 54,"2,051"
호텔PJ,4성급,서울특별시 중구 마른내로 71 호텔피제이,171
한강파라다이스,이탈리아음식,서울특별시 영등포구 여의동로 252 파라다이스,216
미가할매집,"육류,고기요리",서울특별시 관악구 신림로 374,711
동서울 관광호텔,2성급,서울특별시 광진구 구의강변로 38,29
구로시장,시장,서울특별시 구로구 구로동로22길 17-4 2층,29
프레지던트 호텔,4성급,서울특별시 중구 을지로 16 프레지던트호텔,249
난지천공원,"도시,테마공원",서울특별시 마포구 월드컵로 365,162
파르나스몰,백화점,서울특별시 강남구 테헤란로 521 그랜드인터콘티넨탈호텔 B1,73
중곡제일시장,시장,서울특별시 광진구 중곡동 265-5,39
롯데호텔 L7 강남,4성급,서울특별시 강남구 테헤란로 415,164
더벨스파 동대문현대시티아울렛점,"피부,체형관리",서울특별시 중구 장충단로13길 20 현대시티아울렛 지하1층,118
서울서둘째로잘하는집,차,서울특별시 종로구 삼청로 122-1,"1,465"
자인뭉티기,소고기구이,서울특별시 서초구 강남대로37길 24-7 호원빌딩,270
양반댁,한정식-일반,서울특별시 종로구 인사동길 19-18 양반댁,290
비단길 현대시장,시장,서울특별시 금천구 독산로27길 52,177
엔터식스 왕십리역점,"상가,아케이드",서울특별시 성동구 왕십리광장로 17,"2,947"
아이유푸드,정육점,서울특별시 금천구 범안로21길 14,21
미자식당,"해물,생선요리",서울특별시 동작구 노들로 674 노량진수산물도매시장 2층 8호,215
곰달래꿈마을,"카페,디저트",서울특별시 양천구 곰달래로 36,23
평안도만두집,한식,서울특별시 종로구 새문안로3길 30 도렴구역 제18지구,456
지화자,한정식-일반,서울특별시 종로구 자하문로 125,94
인사동그집,한식,서울특별시 종로구 인사동12길 3 인사동그집,594
라칸티나,이탈리아음식,서울특별시 중구 을지로 19 삼성빌딩 지하1층,589
행복한백화점,백화점,서울특별시 양천구 목동동로 309 중소기업유통센터,"1,858"
호텔 더 디자이너스 청량리 Hotel the designers,2성급,서울특별시 동대문구 왕산로 226,77
동적불고기깡통구이 쌍문 본점,"육류,고기요리",서울특별시 도봉구 도봉로109길 30,"3,438"
어양,중식당,서울특별시 송파구 위례성대로 14 지하 1층,119
서래본갈비,"육류,고기요리",서울특별시 서초구 사평대로 126,295
나이아가라호텔,3성급,서울특별시 강서구 양천로 743,17
단미그린비,한식,서울특별시 강남구 밤고개로14길 13-50,232
갯마을,낙지요리,서울특별시 종로구 세종대로21길 75,194
그리츠(GREETS) 글래드호텔 여의도,뷔페,서울특별시 영등포구 의사당대로 16 로비층,"2,372"
아승지,사찰음식,서울특별시 영등포구 신길로 176,111
광장싸롱,한방카페,서울특별시 종로구 동호로 403-3 (종로5가) 1.2층,310
태림산채정식,한식,서울특별시 도봉구 노해로60길 32 1층,439
문래근린공원,근린공원,서울특별시 영등포구 문래동3가 61,15
을지로 원형들,"카페,디저트",서울특별시 중구 창경궁로1길 38 4층,396
산도토리임자탕,한식,서울특별시 도봉구 덕릉로60길 13,"1,335"
향림,중식당,서울특별시 노원구 한글비석로 127 마린스포츠센터 2층,258
금용문,중식당,서울특별시 종로구 새문안로5가길 7 세종클럽 2층,245
깃대봉냉면,냉면,서울특별시 중구 청계천로 400 베네치아메가몰 2층 2038호,"1,159"
순희네빈대떡,"전,빈대떡",서울특별시 종로구 종로32길 5,"4,101"
메세나폴리스 몰,"상가,아케이드",서울특별시 마포구 양화로 45 메세나폴리스,114
곰국시집 명동,국수,서울특별시 중구 무교로 24 2층,498
메리어트 이그제큐티브 아파트먼트 서울 여의도,5성급,서울특별시 영등포구 여의대로 8,53
만강 수서점,한식,서울특별시 강남구 밤고개로21길 81,115
해담채 서여의도점,해담채,서울특별시 영등포구 은행로 30 중소기업중앙회 1층,337
다락정,"칼국수,만두",서울특별시 종로구 삼청로 131-1,282
백원,중식당,서울특별시 영등포구 여의공원로 101 CCMM빌딩 12F,44
호텔 삼정,4성급,서울특별시 강남구 봉은사로 150,102
수유시장,시장,서울특별시 강북구 도봉로71길 2,51
KT&G 상상마당 디자인스퀘어,"가구,인테리어",서울특별시 마포구 어울마당로 65 상상마당빌딩,815
아리차이,중식당,서울특별시 관악구 신림동길 4,"1,218"
익선동 그집,"칼국수,만두",서울특별시 종로구 삼일대로30길 34-4,203
롯데시티호텔 구로,3성급,서울특별시 구로구 디지털로 300 지밸리비즈플라자,192
먹고을전주콩나물국밥 묵동본점,한식,서울특별시 중랑구 중랑역로 268,"1,244"
명품기사식당뚝다리김치찌개,기사식당,서울특별시 강동구 천중로 175,236
요리하는남자,이탈리아음식,서울특별시 송파구 백제고분로7길 27 반석빌딩 지하1층,780
성수족발,"족발,보쌈",서울특별시 성동구 아차산로7길 7 동진빌딩 1층 성수족발,"1,741"
키미아트,카페,서울특별시 종로구 평창30길 47,192
문배동 육칼,"칼국수,만두",서울특별시 용산구 백범로90길 50,"1,067"
POOM아트박스 (신촌점),"문구,팬시용품",서울특별시 서대문구 명물길 23,898
청담골,한식,서울특별시 강남구 선릉로148길 48 미준빌딩 1층,563
몽실이네 토종한우,소고기구이,서울특별시 성동구 마장로35길 70 1층,211
오크우드 프리미어 코엑스,5성급,서울 강남구 테헤란로87길 46,209
드어반관광호텔,1성급,서울특별시 강서구 곰달래로24길 35,23
미진,한식,서울특별시 종로구 종로 19,"4,665"
동심한정식,한정식-일반,서울특별시 중구 퇴계로27길 12-4 충무로역 5번출구,40
남원추어탕 풍천장어,한식,서울특별시 강남구 영동대로86길 27,75
산삼청각,"육류,고기요리",서울특별시 송파구 송이로 151,656
테르트르카페,카페,서울특별시 종로구 낙산5길 46,"1,431"
프리스비 (Frisbee) 건대점,"컴퓨터,모니터",서울특별시 광진구 능동로 92 스타시티 1층,179
최수사 대게마을,일식당,서울특별시 강남구 논현로 429 3층,93
정식당,한식,서울특별시 강남구 선릉로158길 11,583
이비스 스타일 앰배서더 서울 강남,3성급,서울특별시 강남구 삼성로 431 이비스 스타일 앰배서더 강남 호텔,37
인사동큰집,한식,서울특별시 종로구 인사동6길 7,77
궁가는여우,한복대여,서울특별시 종로구 자하문로 3 지하 1층,82
아리랑힐 호텔 동대문,3성급,서울특별시 성북구 아리랑로 8,137
옥류헌릴렉스,"카페,디저트",서울특별시 강북구 삼양로181길 142 옥류헌릴렉스,"2,785"
북한산 족두리봉,"봉우리,고지",서울특별시 은평구 불광동,14
위대한밥상 영광,한정식-일반,서울특별시 서초구 사평대로56길 7,38
부일갈비,"육류,고기요리",서울특별시 서초구 서초중앙로2길 42 1층 부일갈비,106
툭툭누들타이,태국음식,서울특별시 마포구 성미산로 161-8 2층,"1,563"
금강수림,한식,서울특별시 강남구 강남대로 240 SK허브프리모 B2층,287
면목시장,"찌개,전골",서울특별시 중랑구 사가정로50길 67 1층 땅쓰부대찌개,106
세상의모든아침,브런치,"서울특별시 영등포구 여의대로 24 전경련회관 50층, 51층","4,540"
조선옥,"육류,고기요리",서울특별시 중구 을지로15길 6-5,290
미 피아체,이탈리아음식,서울특별시 강남구 도산대로70길 34 1층,43
[백년가게]창성옥,한식,서울특별시 용산구 새창로 124-10,622
갯마을풍천장어,한식,서울특별시 도봉구 도봉산4나길 12-10,57
최대감네,한식,서울특별시 종로구 인사동8길 12-3,"1,109"
삼해집,"족발,보쌈",서울특별시 영등포구 영등포로 250,607
유진막국수,막국수,서울특별시 용산구 장문로 18,294
눈나무집,국수,서울특별시 종로구 삼청로 136-1,554
고궁마실,한복대여,서울특별시 종로구 창경궁로 229 한성빌딩 3층,123
불맛감자국,감자탕,서울특별시 은평구 응암로 172-1,387
호텔 리베라,4성급,서울특별시 강남구 영동대로 737,261
해담채 강남점,해담채,서울특별시 강남구 테헤란로10길 18 역삼 823빌딩 지하 1층,569
초우마을,소고기구이,서울특별시 동대문구 회기로28길 8 2층 초우마을,136
대상해,중식당,서울특별시 중구 세종대로 135 코리아나호텔 3층,223
왕돈까스&왕냉면,돈가스,서울특별시 종로구 우정국로 26 센트로폴리스 지하2층,78
엘르인호텔,3급,서울특별시 용산구 한강대로71길 24,21
루위,중식당,서울특별시 강남구 도산대로 211 동현빌딩 1F,381
테이크어스트릿 (Take a street),종합패션,서울특별시 마포구 양화로 45 1층 106호,27
파크 하얏트 서울,5성급,서울특별시 강남구 테헤란로 606,478
아리아,뷔페,서울특별시 중구 소공로 106 웨스틴 조선 서울 저층 로비,248
에도긴,일식당,"서울특별시 강남구 테헤란로8길 30 2,3층",34
초록뜰,"채식,샐러드뷔페",서울특별시 동대문구 망우로18길 6,82
또순이,한식,서울특별시 종로구 경희궁길 18 안성또순이,203
롯데시티호텔 마포,3성급,서울특별시 마포구 마포대로 109,344
달 카페,카페,서울특별시 동대문구 한빛로 26,12
다리원,중식당,서울특별시 서초구 효령로31길 6,411
동해복집,복어요리,서울특별시 노원구 동일로217가길 23 한영빌딩 2층,106
서울 선샤인호텔,3성급,서울특별시 강남구 도산대로 205 선샤인 관광호텔,82
롯데호텔 L7 명동,4성급,서울특별시 중구 퇴계로 137,116
톰볼라,이탈리아음식,서울특별시 서초구 서래로7길 16,316
엄마손칼국수,"칼국수,만두",서울특별시 노원구 상계로39길 5,"1,301"
고바우소곱창,"곱창,막창,양",서울특별시 성북구 아리랑로4길 5,155
장꼬방김치찌개전문,"찌개,전골",서울특별시 서초구 효령로 364 장꼬방,"1,316"
청송본관함흥냉면,냉면,서울특별시 서대문구 연희맛로 6 청송함흥냉면,275
참숯골,한식,"서울특별시 중구 무교로 16 대한체육회관 2층, 참숯골",366
아모렉스관광호텔,호텔,서울특별시 성동구 왕십리로20길 19,26
올가홀푸드 방이점,유기농산물마트,서울특별시 송파구 양재대로71길 4 올가홀푸드,322
골목집,오리요리,서울특별시 영등포구 도림로139가길 11-1 1층 골목집,"1,726"
카페 모뜨,이탈리아음식,서울특별시 종로구 평창30길 24,179
셀프하우스,종합분식,서울특별시 강동구 올림픽로 572 코오롱 2차 아파트 101동 107호,874
코트야드 바이 메리어트 서울타임스퀘어,4성급,서울특별시 영등포구 영중로 15 타임스퀘어,"1,684"
암사선사유적박물관,"유적지,사적지",서울특별시 강동구 올림픽로 875,178
삼성 빨간양념 숯불구이,"육류,고기요리",서울 중구 남대문로1길 39,253
모닥불,양식,서울특별시 마포구 동교로46길 24-4 1층,113
진남포면옥,막국수,서울특별시 중구 다산로 108,422
성북동집,"칼국수,만두",서울특별시 성북구 성북로24길 4 성북동집,499
카카오프렌즈 강남 플래그십 스토어,"문구,팬시용품",서울특별시 서초구 강남대로 429 유창빌딩 1~2층,"1,130"
헬로애니멀,동물원,서울특별시 도봉구 마들로 650 도봉월드상가 1층 119호,254
삿뽀로 목동점,일식당,서울특별시 양천구 목동동로 189,674
롯데시티호텔 김포공항,3성급,서울특별시 강서구 하늘길 38 국제선청사,175
사당시장,"상가,아케이드",서울특별시 동작구 사당로 244,107
갓잇(god eat),"멕시코,남미음식",서울특별시 종로구 북촌로2길 5-5 1층,"1,396"
내자상회,"카페,디저트",서울특별시 종로구 사직로10길 3 1층,562
우리강산,"육류,고기요리",서울특별시 송파구 위례성대로12길 6,149
방이샤브샤브칼국수 방이본점,샤브샤브,서울특별시 송파구 오금로31길 42,818
자원대구탕,"해물,생선요리",서울특별시 용산구 한강대로62가길 6 자원대구탕,300
정감어린,"육류,고기요리",서울특별시 용산구 후암로 4 정감어린,651
전주회관,"육류,고기요리",서울특별시 중구 세종대로14길 32-1,152
우정낙지,낙지요리,서울특별시 종로구 삼일대로17길 46 2층 우정낙지,223
낙원(메이필드호텔),"육류,고기요리",서울특별시 강서구 방화대로 94 메이필드호텔 낙원,77
미우미우참숯구이,"육류,고기요리",서울특별시 송파구 양재대로71길 2-27 인택파크랜드 2층,69
용금옥,"해물,생선요리",서울특별시 중구 다동길 24-2,249
용문집,소고기구이,서울특별시 성동구 마장로39가길 32 1층 용문집,142
[백년가게]부산복집,복어요리,서울특별시 중구 수표로2길 25,290
그릭조이,그리스음식,서울특별시 마포구 성지1길 6 2층,92
바바인디아 강남역점,인도음식,서울특별시 서초구 강남대로 359 도씨에빛 2차,319
서울리즘,바(BAR),서울특별시 송파구 백제고분로 435 예스빌딩 6층,306
홍능갈비집본점,"육류,고기요리",서울특별시 동대문구 제기로 85,402
곰국시집,국수,서울특별시 중구 무교로 24 2층,498
까델루뽀,이탈리아음식,서울특별시 종로구 자하문로16길 5-5,238
이강순실비집,낙지요리,서울특별시 종로구 청계천로 75-1 본점이강순실비집,277
영등포복집,복어요리,서울특별시 영등포구 영등포로42길 10-1 영등포복집,209
상인정신,요리주점,서울특별시 종로구 새문안로5길 11-1 2층,128
늘푸른식당,요리주점,서울특별시 마포구 굴레방로9길 3 1층 늘푸른식당,121
홍원,중식당,서울특별시 마포구 백범로 23 거구장예식장,77
더 킹스,뷔페,서울특별시 중구 동호로 287 앰배서더 서울 풀만 호텔 1층,555
해안반점,중식당,서울특별시 강동구 고덕로10길 48 1층해안반점,219
로리스 더 프라임 립,"스테이크,립",서울특별시 서초구 서초대로 411 GT TOWER 3층,993
백제삼계탕,"백숙,삼계탕",서울특별시 중구 명동8길 8-10,189
라 쿠치나,이탈리아음식,서울특별시 용산구 회나무로44길 10,147
삼수갑산,"육류,고기요리","서울특별시 관악구 남현1길 38-9 1층,2층,3층",68
스시겐,"초밥,롤",서울특별시 마포구 양화로7길 6-12 삼이빌딩,77
하모,한식,서울특별시 강남구 언주로 819 2층 하모,244
장군갈비,"육류,고기요리",서울특별시 광진구 용마산로 11,520
평래옥,한식,서울특별시 중구 마른내로 21-1,"1,118"
장군보쌈,"족발,보쌈",서울특별시 중구 무교로 16,638
궁나라냉면묵밥,냉면,서울특별시 종로구 지봉로12길 6 등원빌딩,144
모녀마약김밥,김밥,서울특별시 종로구 동호로 403-23,"5,106"
현대카드 Vinyl & Plastic,"음반,CD",서울특별시 용산구 이태원로 248,266
갤러리카페 3안,갤러리카페,서울특별시 종로구 북촌로 137-7,27
장수촌 풍천장어,"장어,먹장어요리",서울특별시 관악구 남부순환로 2082-37 2층,268
터치더스카이,양식,서울특별시 영등포구 63로 50 한화금융센터_63,255
성북동 구포국수,국수,서울특별시 성북구 성북로12길 2,445
잇텐고,일본식라면,서울특별시 마포구 포은로 11 103호,780
호텔 더 디자이너스 종로점,3급,서울특별시 종로구 수표로 89-8,68
암사종합시장,시장,서울특별시 강동구 상암로11길 25,35
감나무집기사식당,기사식당,서울특별시 마포구 연남로 25,"1,972"
안동국시소람,국수,서울특별시 종로구 인사동9길 16 백악미술관 지하1층,204
명문막국수,막국수,서울특별시 성북구 창경궁로 319,559
딜라이트 호텔 (HOTEL DELIGHT),2성급,서울특별시 송파구 오금로11길 21-9 딜라이트 호텔,223
슈치쿠,일식당,서울특별시 영등포구 63로 50 58층,253
청수횟집,생선회,서울특별시 강남구 테헤란로25길 9,167
강서면옥,냉면,서울특별시 강남구 언주로164길 19 강서면옥,364
진남회집,생선회,서울특별시 동작구 노들로 674 노량진수산시장 2층 13호,181
커피친구,카페,서울특별시 종로구 삼봉로 81 두산위브파빌리온,149
키다리아저씨,베이커리,서울특별시 마포구 성미산로 22,325
이화감자국,감자탕,서울특별시 은평구 응암로 174-1 1층,223
눈스퀘어,"상가,아케이드",서울특별시 중구 명동길 14 Noon Square,69
상락원,한식,서울특별시 서초구 원터길 23,47
더플레이스다이닝,이탈리아음식,서울특별시 용산구 남산공원길 105 N서울타워 T2층 (택시/일반차량 진입불가),359
비노인빌라,이탈리아음식,서울특별시 서초구 남부순환로319길 14 제이큐브데이터빌딩1층,154
강남목장,소고기구이,서울특별시 강남구 논현로86길 34 역삼포커스빌딩,196
학림다방,카페,서울특별시 종로구 대학로 119 2층 학림카페,"1,508"
마지,사찰음식,서울특별시 종로구 자하문로5길 19,199
BK볏짚 우대갈비 장안동본점,"육류,고기요리",서울특별시 동대문구 장한로26가길 29 1층 BK볏짚 우대갈비 장안동본점,526
풍류사랑,한식,서울특별시 종로구 인사동8길 12-7,10
부빙,빙수,서울특별시 종로구 창의문로 136 부빙,525
오르시아,결혼예물,서울특별시 강남구 영동대로 644 원일빌딩 1층 오르시아,990
장프리고,바(BAR),서울특별시 중구 퇴계로62길 9-8,123
우이시장,시장,서울특별시 강북구 수유동 270-103,63
메이징에이,중식당,서울특별시 중구 세종대로 136 SFC몰 B2층,421
다이브라이프,스킨스쿠버,서울특별시 서초구 반포대로20길 27 서궁빌딩 지하1층,68
해품장팔팔장어,"장어,먹장어요리",서울특별시 강남구 도곡로 218 CN시티 1층,401
은주정,"찌개,전골",서울특별시 중구 창경궁로8길 32,"1,317"
외양간,"육류,고기요리",서울특별시 동작구 동작대로11길 16 1층,394
레이지파머스,양식,서울특별시 용산구 회나무로35길 5 A동 레이지파머스,542
아이해브어드림,요리주점,서울특별시 강남구 테헤란로5길 7 KG Tower 지하1층 아이해브어드림,410
가락관광호텔,2성급,서울특별시 송파구 송파대로28길 5 가락관광호텔,83
레인보우호텔,모텔,서울특별시 용산구 한강대로71길 48 레인보우호텔,41
롯데호텔서울 설화수 스파,"피부,체형관리",서울특별시 중구 을지로 30 롯데호텔 본관 7층,28
모모야마,일식당,서울특별시 중구 을지로 30,228
코리아하우스,"육류,고기요리",서울특별시 강남구 압구정로79길 56 아름다운빌딩 1~2층,31
한쿡 N서울타워,한식,서울특별시 용산구 남산공원길 105 N서울타워 한쿡(전망대 T3층),338
더 우리곱창,"곱창,막창,양",서울특별시 종로구 종로36나길 9,525
헤이더그린,"카페,디저트",서울특별시 강서구 대장로 58,924
칠형제우리감자탕,감자탕,서울특별시 노원구 동일로 1019 원광약국,268
오라이등심,돼지고기구이,서울특별시 종로구 종로32길 23-5,222
동경,돈가스,서울특별시 강남구 봉은사로 524 코엑스몰 지하1층 J108,"1,051"
황금정원,쌈밥,서울특별시 도봉구 방학로 312 황금정원,"1,443"
늘푸른목장 잠실본점,소고기구이,서울특별시 송파구 백제고분로9길 34 1F,625
백제추어탕 본점,추어탕,서울특별시 강동구 양재대로 1406,"1,557"
몽중헌 청담점,중식당,서울특별시 강남구 도산대로 445 엠빌딩 B1F,451
충남식당,한식,서울특별시 동작구 노들로 674,701
도읍지,한식,서울특별시 동대문구 회기로21길 38-1,504
만남의광장,포장마차,서울특별시 용산구 이태원로27가길 18 지하 1층,234
서울원조아구찜,"아귀찜,해물찜",서울특별시 종로구 삼일대로 436-1 1층 서울원조아구찜,160
프로퍼커피바2호점,"카페,디저트",서울특별시 송파구 오금로31가길 20 1층,872
우정,떡볶이,서울특별시 중구 퇴계로76길 55,"1,648"
제주국수,국수,서울특별시 성동구 성수이로 118,316
포포인츠 바이 쉐라톤 서울 구로,4성급,서울특별시 구로구 디지털로32길 72,333
사동면옥,냉면,서울특별시 종로구 인사동8길 9,365
두에꼬제,이탈리아음식,서울특별시 용산구 한남대로 60 리첸시아 상가 D동 119호,94
진원조 닭한마리,닭요리,서울특별시 종로구 종로 252-11 1.2.3층 전체,548
호남집,생선구이,서울특별시 종로구 종로40가길 5,557
대풍간장게장생선구이,생선구이,서울특별시 서초구 신반포로47길 72 우리빌 1층,69
태조대림감자국,감자탕,서울특별시 은평구 응암로 172,442
산띠,인도음식,서울특별시 마포구 와우산로27길 70,169
옛찻집,차,서울특별시 종로구 인사동길 47-8 신옛찻집,293
[백년가게]청해진,"해물,생선요리",서울특별시 강동구 강동대로 187 파크비유캐슬 1층,390
마장갈비,"육류,고기요리",서울특별시 성동구 마조로3가길 11,136
엘 샌드위치,샌드위치,서울특별시 종로구 율곡로4길 14,352
허형만의 압구정커피집,카페,서울특별시 강남구 압구정로 151 신현대상가 2동 107호,53
비스테까,이탈리아음식,서울특별시 용산구 회나무로 49 비스테까,394
함흥에겨울냉면,냉면,서울특별시 중구 동호로24길 21,11
친니,중식당,서울특별시 종로구 세종대로 175 세종문화회관 지하 1층,955
장미삼계탕,"백숙,삼계탕",서울특별시 노원구 화랑로 449-10,106
오다리집,한식,서울특별시 중구 명동8나길 28 2층 3층,110
서석대,소고기구이,서울특별시 서초구 서초대로 346 동아빌라트 A동 1층,279
뉴서울호텔,3성급,서울특별시 중구 세종대로22길 16 뉴서울호텔,113
호텔마누(HOTEL MANU),3성급,서울특별시 중구 퇴계로 19 남풍빌딩,59
프로비스타 호텔,2성급,서울특별시 서초구 서초대로 338,45
베니키아 프리미어 호텔 베르누이,3성급,서울특별시 구로구 경인로 229,57
페어몬트 앰배서더 서울 (Fairmont Ambassador Seoul),5성급,서울특별시 영등포구 여의대로 108 페어몬트 앰배서더 서울 호텔,440
산들애건강밥상,한식,서울특별시 은평구 대서문길 43-16,"1,250"
하이디라오 서초지점,중식당,서울특별시 서초구 서초대로77길 54 2층 하이디라오 훠궈,"1,344"
명동부대찌개 명동황기족발,"찌개,전골",서울특별시 중구 명동길 25-7,179
남포면옥,냉면,서울특별시 중구 을지로3길 24,"1,724"
진미평양냉면,냉면,서울특별시 강남구 학동로 305-3,"2,085"
아리랑,"육류,고기요리",서울특별시 중구 남대문로7길 23 전통한국식당,326
나인트리호텔 명동,3성급,서울특별시 중구 명동10길 51,42
금돼지식당,돼지고기구이,서울특별시 중구 다산로 149,"2,381"
광야 서울,이탈리아음식,서울특별시 마포구 월드컵북로4길 82 1층 광야,"1,325"
전주식당,한식,서울특별시 노원구 화랑로 449-8 101호 전주식당,406
전주유할머니비빔밥,비빔밥,서울특별시 중구 세종대로14길 27-2,136
카페 폭포,"카페,디저트",서울특별시 서대문구 연희로 262-24,343
국시집,국수,서울특별시 성북구 창경궁로43길 9,207
갈비명가이상 돈암본관,"육류,고기요리",서울특별시 성북구 정릉로 364,"1,251"
개화,중식당,서울특별시 서초구 동작대로 86 동주빌딩 지하1층,381
제리스플래닛,1성급,서울특별시 강남구 강남대로92길 13 Jerry's planet Building,23
삼호복집 신촌,복어요리,서울특별시 서대문구 연세로5다길 10 2층,187
해랑,"매운탕,해물탕","서울특별시 강남구 봉은사로1길 39 유성빌딩 1층, 2층",76
종가집,한식,서울특별시 종로구 인사동길 15-13 종가집,264
주은감자탕,감자탕,서울특별시 송파구 삼학사로 71,"1,362"
신안촌,한정식-일반,서울특별시 종로구 사직로12길 8,309
라브리,프랑스음식,서울특별시 종로구 종로 1 교보생명빌딩 2층,83
오우가,쌈밥,서울특별시 중구 명동8가길 37,354
이닝,중식당,"서울특별시 강남구 도산대로58길 14 이닝빌딩 1,2층",156
박가네빈대떡,"전,빈대떡",서울특별시 종로구 종로32길 7,"4,122"
원대구탕,"해물,생선요리",서울특별시 용산구 한강대로62가길 8 원대구탕,"1,325"
전통다원,차,서울특별시 종로구 인사동10길 11-4,928
마천공원,근린공원,서울특별시 송파구 성내천로23길 12,19
은호식당,한식,서울특별시 중구 남대문시장4길 28-4 은호식당,330
메트로호텔,3성급,서울특별시 중구 명동9가길 14 메트로호텔,33
남문토방,오리요리,서울특별시 중구 남대문시장길 45-3 부자프라자 지하1층,90
옛날중국집,중식당,서울특별시 성북구 성북로8길 8,520
완차이,중식당,서울특별시 서대문구 명물길 50-7 1층 완차이,205
너비집,한식,서울특별시 중구 명동9길 37-8 너비집,225
남원집,"육류,고기요리",서울특별시 성동구 살곶이길 18 2층 201호,57
메종 드 라 카테고리,프랑스음식,서울특별시 강남구 선릉로 826,281
꼼떼 바베큐 둔촌본점,양식,서울특별시 강동구 동남로51길 9 1층,934
마산옥,"아귀찜,해물찜",서울특별시 강남구 강남대로152길 9,79
오향족발,"족발,보쌈",서울특별시 중구 서소문로 134-7,"1,445"
봉피양 방이점,한식,서울특별시 송파구 양재대로71길 1-4,761
우스마니아,아시아음식,서울특별시 용산구 우사단로 34,13
부티크호텔K 동대문점,3급,서울특별시 동대문구 천호대로 341,14
타볼로24,뷔페,서울특별시 종로구 청계천로 279 2층,"1,632"
뜰과다원,한방카페,서울특별시 종로구 인사동길 34 1F 뜰과다원,767
안동할매청국장,"찌개,전골",서울특별시 성북구 성북로5길 9-3 일신빌딩,642
고향풍천장어,"장어,먹장어요리",서울특별시 서초구 방배로 189,127
린스시,일식당,서울특별시 서초구 반포대로12길 10 송원빌딩,93
스시조,일식당,서울특별시 중구 소공로 106,30
역전회관,한식,서울특별시 마포구 토정로37길 47,970
마포소문난원조족발,"족발,보쌈",서울특별시 마포구 만리재로 19 공덕시장,802
워킹온더클라우드,양식,서울특별시 영등포구 63로 50 한화생명빌딩 59층,"2,843"
니와,일식당,서울특별시 용산구 이촌로75길 22 1,108
제비다방,테마카페,서울특별시 마포구 와우산로 24,68
현대시장,시장,서울특별시 관악구 양녕로 49,15
사랑채,요리주점,서울특별시 관악구 남부순환로246길 5 2층,114
임피리얼 팰리스 부티크 호텔,3성급,서울특별시 용산구 이태원로 221,44
호텔국도,3성급,서울특별시 중구 을지로 164,62
루이,중식당,서울특별시 중구 세종대로21길 40,224
동해도 광화문,일식당,서울특별시 중구 무교로 28 시그너스빌딩 지하1층 동해도,729
희락갈치,"해물,생선요리",서울특별시 중구 남대문시장길 22-6,"2,337"
현대칼국수,"칼국수,만두",서울특별시 중구 세종대로 76 청남빌딩,499
장안동 먹깨비 간장게장 해물아구찜,게요리,서울특별시 동대문구 장한로 92 1층,580
미림산장,한식,서울특별시 강북구 삼양로181길 253 우이동 미림산장,424
라마다 바이윈덤 서울 동대문,3성급,서울 중구 동호로 354 라마다 바이 윈덤 서울 동대문,54
은평역사한옥박물관,박물관,서울특별시 은평구 연서로50길 8 은평역사한옥박물관,381
청담나인,양식,"서울특별시 강남구 삼성로 634 B1, B2",193
신강양꼬치,양꼬치,서울특별시 마포구 토정로37길 21,132
베니키아 노블 호텔,2성급,서울특별시 종로구 율곡로6길 13-3 노블 관광호텔,54
화니 신세계 강남점,한식,서울특별시 서초구 신반포로 176 신세계백화점 강남점 11층,"1,040"
돈까스잔치 동빙고점,돈가스,서울특별시 용산구 서빙고로 297,"2,013"
신촌 닭한마리 유닭스토리,닭요리,서울특별시 서대문구 연세로4길 7 1층,"2,319"
꼴라주,양식,서울특별시 용산구 한남대로20길 47-24 1층replace 한남 D동 1층,200
카나디안 랍스터,바닷가재요리,서울특별시 서초구 남부순환로 2385 3층 카나디안랍스타,31
청해진,생선회,서울특별시 동작구 노들로 674 노량진수산시장 신관 2층 20호 청해진,815
한모네 순대국,"순대,순댓국",서울특별시 광진구 자양로18길 56 거송빌딩 1층 103호,127
마쯔야,돈가스,서울특별시 중구 소공로 63 본관 5층,651
춘천집닭갈비막국수,닭갈비,서울특별시 서대문구 연세로5가길 1,567
또순이원조순대,"순대,순댓국",서울특별시 관악구 신림로59길 14,"1,643"
타지펠리스,인도음식,서울특별시 용산구 우사단로 39,113
우리집떡볶이,떡볶이,서울특별시 중구 다산로 217-1,676
비하인드(B-hind),"맥주,호프",서울특별시 성북구 동소문로6길 16-4,24
미니네,떡볶이,서울특별시 중구 다산로 219-1,549
파툼(FATUM),카페,서울특별시 종로구 삼청로 86-5,248
노천파전,"전통,민속주점",서울특별시 동대문구 회기로28길 3,153
비타포,베트남음식,서울특별시 성북구 동소문로 7-3 1층,167
일미간장게장본점,게요리,서울특별시 동대문구 장한로24길 7,422
호텔 볼(VOLL),호텔,서울특별시 강서구 강서로5나길 30,16
금강제화 (강남본점),신발,서울특별시 강남구 강남대로 500,60
홍루몽,중식당,서울특별시 서초구 반포대로12길 26,127
뿌자,인도음식,서울특별시 종로구 종로 327 3층,73
타마린드,베트남음식,서울특별시 종로구 종로3길 17 광화문 D타워 5층 504호,757
중앙갈치식당,"해물,생선요리",서울특별시 중구 남대문시장길 22-12,"2,666"
홍어명가,"해물,생선요리",서울특별시 중랑구 면목로44길 44,15
마포유가궁중족발,"족발,보쌈",서울특별시 마포구 만리재로 19 1층 마포유가궁중족발 마포본점,140
밀화,한식,서울특별시 서초구 신반포로 176 신세계백화점 11층,607
아르모니움,이탈리아음식,서울특별시 용산구 대사관로 33 아르모니움,309
초롱이고모부대찌개,"찌개,전골",서울특별시 강동구 상암로11길 4 암사시장 1문,261
파크 하얏트 서울 코너스톤,이탈리아음식,서울특별시 강남구 테헤란로 606 파크 하얏트 서울 2층,373
손가네곰국수,한식,서울특별시 성북구 성북로15길 8 손가네곰국수,271
메종 한남,양식,서울특별시 용산구 유엔빌리지3길 24 메종한남(한남집),289
우성갈비,"육류,고기요리",서울특별시 중구 동호로7길 13,194
챠크라,인도음식,서울특별시 용산구 독서당로 83,35
백마김씨네 도곡본점,"육류,고기요리",서울특별시 강남구 남부순환로 2743,396
스카이 라운지,바(BAR),서울특별시 중구 명동길 61 21층 스카이라운지,22
열린송현녹지광장,광장,서울특별시 종로구 송현동 48-9,83
누리,5성급,서울특별시 중구 소공로 119,524
서일순대국,"순대,순댓국",서울특별시 동작구 여의대방로22길 20,"1,773"
알디프 티 바,홍차전문점,서울특별시 마포구 와우산로35길 19 B1-1F 알디프,967
레스피레,베이커리,서울특별시 종로구 효자로13길 40-7 레스피레,779
물빛광장,광장,서울특별시 영등포구 여의도동 84-9,22
도원스타일,중식당,서울특별시 강동구 천호대로 1005 현대백화점 천호점 12층 도원스타일 천호점,272
비비브라운,카페,서울특별시 강남구 도산대로 412 1층 카페 비비브라운,209
이끼롤까스 가로수길,돈가스,서울특별시 강남구 강남대로152길 64 지하1층,578
1940금문,중식당,서울특별시 종로구 창경궁로 269-1 1940금문,122
코끼리베이글,베이글,서울특별시 영등포구 선유로 176 코끼리베이글,"4,678"
알페도,베이커리,서울특별시 용산구 이태원로 174 1층 4-5호,"1,627"
통일집,소고기구이,서울특별시 중구 마른내로4길 31-3 통일집,26
아야진생태찌개 본점,"매운탕,해물탕",서울특별시 강남구 삼성로108길 8 써지쿨빌딩,252
트리아 관광호텔,2성급,서울특별시 강남구 테헤란로33길 16 트리아관광호텔,12
히라메키,일식당,서울특별시 강남구 테헤란로81길 32,123
하단,이북음식,서울특별시 성북구 성북로6길 14,187
새만포면옥,냉면,서울특별시 은평구 연서로 171 백년가게 만포면옥,605
플랫폼 플레이스(한남점),캐주얼웨어,서울특별시 용산구 이태원로 268,39
브릿지안경,안경원,서울특별시 강남구 압구정로 132 1층,49
한국금융사박물관,박물관,서울특별시 중구 세종대로 135-5 한국금융사박물관,10
황토추어탕,추어탕,서울특별시 강동구 성안로 7-12 경일빌딩,456
해담채 삼성점,해담채,서울특별시 강남구 테헤란로 504 해성1빌딩 지하1층,457
까사빠보,일식당,서울특별시 중구 소공로 63 본관 6층,777
포포인츠 바이 쉐라톤 조선 서울역 더 이터리,뷔페,서울특별시 용산구 한강대로 366 포포인츠 바이 쉐라톤 조선 서울역,780
신촌 시스터즈,게스트하우스,서울특별시 마포구 백범로2길 24,15
오양회참치 광화문본점,생선회,서울특별시 중구 세종대로21길 49 오양회참치,156
h450,양식,서울특별시 강남구 압구정로29길 21 문화센터 건물 1층,260
에프호텔,3급,서울특별시 영등포구 경인로108길 8 F호텔,53
파로스관광호텔,3성급,서울특별시 송파구 올림픽로10길 5,26
